﻿<Patch>

	<Operation Class="PatchOperationSequence">
		<success>Always</success>
		<operations>
			<li Class="PatchOperationTest">
				<xpath>*/TraitDef[defName = "Abrasive"]/conflictingTraits</xpath>
				<success>Invert</success>
			</li>
			<li Class="PatchOperationAdd">
				<xpath>*/TraitDef[defName = "Abrasive"]</xpath>
				<value>
					<conflictingTraits/>
				</value>
			</li>
		</operations>
	</Operation>

	<Operation Class="PatchOperationAdd">
		<xpath>*/TraitDef[defName = "Abrasive"]/conflictingTraits</xpath>
		<value>
			<li>Kind</li>
			<li>RCT_Diplomat</li>
			<li>RCT_Trader</li>
		</value>
	</Operation>

	<Operation Class="PatchOperationSequence">
		<success>Always</success>
		<operations>
			<li Class="PatchOperationTest">
				<xpath>*/TraitDef[defName = "Ascetic"]/conflictingTraits</xpath>
				<success>Invert</success>
			</li>
			<li Class="PatchOperationAdd">
				<xpath>*/TraitDef[defName = "Ascetic"]</xpath>
				<value>
					<conflictingTraits/>
				</value>
			</li>
		</operations>
	</Operation>

	<Operation Class="PatchOperationAdd">
		<xpath>*/TraitDef[defName = "Ascetic"]/conflictingTraits</xpath>
		<value>
			<li>RCT_Aesthete</li>
		</value>
	</Operation>

	<Operation Class="PatchOperationSequence">
		<success>Always</success>
		<operations>
			<li Class="PatchOperationTest">
				<xpath>*/TraitDef[defName = "AnnoyingVoice"]/conflictingTraits</xpath>
				<success>Invert</success>
			</li>
			<li Class="PatchOperationAdd">
				<xpath>*/TraitDef[defName = "AnnoyingVoice"]</xpath>
				<value>
					<conflictingTraits/>
				</value>
			</li>
		</operations>
	</Operation>

	<Operation Class="PatchOperationAdd">
		<xpath>*/TraitDef[defName = "AnnoyingVoice"]/conflictingTraits</xpath>
		<value>
			<li>RCT_Diplomat</li>
			<li>RCT_Trader</li>
		</value>
	</Operation>

	<Operation Class="PatchOperationSequence">
		<success>Always</success>
		<operations>
			<li Class="PatchOperationTest">
				<xpath>*/TraitDef[defName = "CreepyBreathing"]/conflictingTraits</xpath>
				<success>Invert</success>
			</li>
			<li Class="PatchOperationAdd">
				<xpath>*/TraitDef[defName = "CreepyBreathing"]</xpath>
				<value>
					<conflictingTraits/>
				</value>
			</li>
		</operations>
	</Operation>

	<Operation Class="PatchOperationAdd">
		<xpath>*/TraitDef[defName = "CreepyBreathing"]/conflictingTraits</xpath>
		<value>
			<li>RCT_Diplomat</li>
			<li>RCT_Trader</li>
		</value>
	</Operation>
	
	<Operation Class="PatchOperationSequence">
		<success>Always</success>
		<operations>
			<li Class="PatchOperationTest">
				<xpath>*/TraitDef[defName = "FastLearner"]/conflictingTraits</xpath>
				<success>Invert</success>
			</li>
			<li Class="PatchOperationAdd">
				<xpath>*/TraitDef[defName = "FastLearner"]</xpath>
				<value>
					<conflictingTraits/>
				</value>
			</li>
		</operations>
	</Operation>

	<Operation Class="PatchOperationAdd">
		<xpath>*/TraitDef[defName = "FastLearner"]/conflictingTraits</xpath>
		<value>
			<li>RCT_Dunce</li>
			<li>RCT_QuickLearner</li>
			<li>RCT_Savant</li>
		</value>
	</Operation>

	<Operation Class="PatchOperationSequence">
		<success>Always</success>
		<operations>
			<li Class="PatchOperationTest">
				<xpath>*/TraitDef[defName = "Industriousness"]/conflictingTraits</xpath>
				<success>Invert</success>
			</li>
			<li Class="PatchOperationAdd">
				<xpath>*/TraitDef[defName = "Industriousness"]</xpath>
				<value>
					<conflictingTraits/>
				</value>
			</li>
		</operations>
	</Operation>

	<Operation Class="PatchOperationAdd">
		<xpath>*/TraitDef[defName = "Industriousness"]/conflictingTraits</xpath>
		<value>
			<li>RCT_Aptitude</li>
			<li>RCT_Perfectionist</li>
		</value>
	</Operation>

	<Operation Class="PatchOperationSequence">
		<success>Always</success>
		<operations>
			<li Class="PatchOperationTest">
				<xpath>*/TraitDef[defName = "NaturalMood"]/conflictingTraits</xpath>
				<success>Invert</success>
			</li>
			<li Class="PatchOperationAdd">
				<xpath>*/TraitDef[defName = "NaturalMood"]</xpath>
				<value>
					<conflictingTraits/>
				</value>
			</li>
		</operations>
	</Operation>

	<Operation Class="PatchOperationAdd">
		<xpath>*/TraitDef[defName = "NaturalMood"]/conflictingTraits</xpath>
		<value>
			<li>RCT_Bipolar</li>
		</value>
	</Operation>

	<Operation Class="PatchOperationSequence">
		<success>Always</success>
		<operations>
			<li Class="PatchOperationTest">
				<xpath>*/TraitDef[defName = "Nerves"]/conflictingTraits</xpath>
				<success>Invert</success>
			</li>
			<li Class="PatchOperationAdd">
				<xpath>*/TraitDef[defName = "Nerves"]</xpath>
				<value>
					<conflictingTraits/>
				</value>
			</li>
		</operations>
	</Operation>

	<Operation Class="PatchOperationAdd">
		<xpath>*/TraitDef[defName = "Nerves"]/conflictingTraits</xpath>
		<value>
			<li>TooSmart</li>
		</value>
	</Operation>

	<Operation Class="PatchOperationSequence">
		<success>Always</success>
		<operations>
			<li Class="PatchOperationTest">
				<xpath>*/TraitDef[defName = "Nimble"]/conflictingTraits</xpath>
				<success>Invert</success>
			</li>
			<li Class="PatchOperationAdd">
				<xpath>*/TraitDef[defName = "Nimble"]</xpath>
				<value>
					<conflictingTraits/>
				</value>
			</li>
		</operations>
	</Operation>

	<Operation Class="PatchOperationAdd">
		<xpath>*/TraitDef[defName = "Nimble"]/conflictingTraits</xpath>
		<value>
			<li>RCT_Dodging</li>
		</value>
	</Operation>
	
	<Operation Class="PatchOperationSequence">
		<success>Always</success>
		<operations>
			<li Class="PatchOperationTest">
				<xpath>*/TraitDef[defName = "SuperImmune"]/conflictingTraits</xpath>
				<success>Invert</success>
			</li>
			<li Class="PatchOperationAdd">
				<xpath>*/TraitDef[defName = "SuperImmune"]</xpath>
				<value>
					<conflictingTraits/>
				</value>
			</li>
		</operations>
	</Operation>

	<Operation Class="PatchOperationAdd">
		<xpath>*/TraitDef[defName = "SuperImmune"]/conflictingTraits</xpath>
		<value>
			<li>RCT_Constitution</li>
		</value>
	</Operation>
	
	<Operation Class="PatchOperationSequence">
		<success>Always</success>
		<operations>
			<li Class="PatchOperationTest">
				<xpath>*/TraitDef[defName = "TooSmart"]/conflictingTraits</xpath>
				<success>Invert</success>
			</li>
			<li Class="PatchOperationAdd">
				<xpath>*/TraitDef[defName = "TooSmart"]</xpath>
				<value>
					<conflictingTraits/>
				</value>
			</li>
		</operations>
	</Operation>

	<Operation Class="PatchOperationAdd">
		<xpath>*/TraitDef[defName = "TooSmart"]/conflictingTraits</xpath>
		<value>
			<li>RCT_Dunce</li>
			<li>RCT_QuickLearner</li>
			<li>RCT_Savant</li>
		</value>
	</Operation>

	<Operation Class="PatchOperationSequence">
		<success>Always</success>
		<operations>
			<li Class="PatchOperationTest">
				<xpath>*/TraitDef[defName = "Wimp"]/conflictingTraits</xpath>
				<success>Invert</success>
			</li>
			<li Class="PatchOperationAdd">
				<xpath>*/TraitDef[defName = "Wimp"]</xpath>
				<value>
					<conflictingTraits/>
				</value>
			</li>
		</operations>
	</Operation>

	<Operation Class="PatchOperationAdd">
		<xpath>*/TraitDef[defName = "Wimp"]/conflictingTraits</xpath>
		<value>
			<li>RCT_PainThreshold</li>
		</value>
	</Operation>
	
	<Operation Class="PatchOperationReplace">
		<xpath>*/TraitDef[defName = "Pyromaniac"]/commonality</xpath>
		<value>
			<commonality>0.1</commonality>
		</value>
	</Operation>

</Patch>
