<?xml version="1.0" encoding="utf-8" ?>
<Defs>
	<HugsLib.UpdateFeatureDef Abstract="true" Name="UpdateFeatureBase">
		<modNameReadable>Prepare Landing</modNameReadable>
		<modIdentifier>PrepareLanding</modIdentifier>
		<linkUrl>https://ludeon.com/forums/index.php?topic=34592</linkUrl>
	</HugsLib.UpdateFeatureDef>
	
	<HugsLib.UpdateFeatureDef ParentName="UpdateFeatureBase">
		<defName>ModName_0_5_0</defName>
		<assemblyVersion>0.5.0</assemblyVersion>
		<content>&lt;b&gt;God Mode:&lt;/b&gt;|img:News/hand-of-god|caption:You can now change tile characteristics on the World Map (biome, temperature, terrain, elevation, rainfall, stone types).|&lt;b&gt;New Filter:&lt;/b&gt;|img:News/filter|caption:Select most / least (highest / lowest) for the following features: temperature, rainfall, elevation.|&lt;b&gt;Temperature Forecast:&lt;/b&gt;|img:News/temperature|caption: Temperature Forecast for any tile.</content>
	</HugsLib.UpdateFeatureDef>
</Defs>