﻿<?xml version="1.0" encoding="utf-8"?>

<Defs>

  <ThingDef ParentName="BuildingBase">
    <defName>Turret_DP28MG</defName> 
    <label>Mounted DP-28 Turret</label>
    <thingClass>Building_TurretGun</thingClass>
    <techLevel>Industrial</techLevel>
    <graphicData>
      <texPath>Things/Defense/Guntripod</texPath> 
      <graphicClass>Graphic_Multi</graphicClass>
      <drawSize>(2,2)</drawSize>
      <damageData>
        <rect>(0.2,0.2,0.6,0.6)</rect>
      </damageData>
    </graphicData>
    <uiIconPath>Things/Defense/MenuIcon_DP28</uiIconPath>
    <minifiedDef>MinifiedFurniture</minifiedDef>
    <altitudeLayer>Building</altitudeLayer> 
    <stealable>false</stealable>
    <rotatable>true</rotatable>
    <hasInteractionCell>True</hasInteractionCell>
    <interactionCellOffset>(0,0,-1)</interactionCellOffset>
    <statBases>
      <MaxHitPoints>200</MaxHitPoints>
      <WorkToBuild>7500</WorkToBuild> 
      <Mass>9.12</Mass>
      <Beauty>-20</Beauty>
    </statBases>
    <tickerType>Normal</tickerType>
    <comps>
      <li Class="CompProperties_Forbiddable"/>
      <li Class="CompProperties_Mannable">
        <manWorkType>Violent</manWorkType>
        </li>
      <li Class="CompProperties_Breakdownable"/>
    </comps>
    <description>A DP-28 turret. Can be directly controlled, but beware of friendly fire.</description>
    <passability>PassThroughOnly</passability>
    <pathCost>50</pathCost>
    <fillPercent>0.4</fillPercent>
    <castEdgeShadows>true</castEdgeShadows>
    <hasTooltip>true</hasTooltip>
    <costList>
      <Steel>100</Steel>
      <Gun_LMG>1</Gun_LMG>
    </costList>
    <terrainAffordanceNeeded>Light</terrainAffordanceNeeded>
    <designationCategory>Security</designationCategory>
    <specialDisplayRadius>25</specialDisplayRadius>
    <building>
      <turretGunDef>Gun_DP28MG</turretGunDef>
      <turretBurstCooldownTime>4.25</turretBurstCooldownTime>
      <turretTopGraphicPath>Things/Defense/Gun_DP28</turretTopGraphicPath> 
    </building>
  </ThingDef>

  <ThingDef ParentName="BaseBullet">
    <defName>Bullet_DP28MG</defName>
    <label>7.62*54mmR bullet</label>
    <graphicData>
      <texPath>Things/Projectile/Bullet_Small</texPath>
      <graphicClass>Graphic_Single</graphicClass>
    </graphicData>
    <projectile>
      <damageDef>Bullet</damageDef>
      <damageAmountBase>8</damageAmountBase> 
      <speed>40</speed> 
    </projectile>
  </ThingDef>

  <ThingDef ParentName="BaseHumanGun"> 
    <defName>Gun_DP28MG</defName> 
    <label>DP-28 turret gun</label>
    <graphicData>
      <texPath>Things/Item/Equipment/WeaponRanged/LMG</texPath> 
      <graphicClass>Graphic_Single</graphicClass>
    </graphicData>
    <menuHidden>true</menuHidden>
    <description>Jury-rigged gun attached to a turret. If you find this...You must be Debugger, right?</description>
    <soundInteract>InteractRifle</soundInteract>
    <canBeSpawningInventory>false</canBeSpawningInventory>
    <tradeability>Never</tradeability>
    <destroyOnDrop>true</destroyOnDrop>
    <useHitPoints>false</useHitPoints>
    <statBases>
      <AccuracyTouch>0.66</AccuracyTouch>
      <AccuracyShort>0.65</AccuracyShort>
      <AccuracyMedium>0.42</AccuracyMedium>
      <AccuracyLong>0.23</AccuracyLong>
      <RangedWeapon_Cooldown>1.98</RangedWeapon_Cooldown>
      <DeteriorationRate>0</DeteriorationRate>
    </statBases>
    <weaponTags>
      <li>TurretGun</li>
    </weaponTags>
    <verbs>
      <li>
        <verbClass>Verb_Shoot</verbClass>
        <hasStandardCommand>true</hasStandardCommand>
        <defaultProjectile>Bullet_DP28MG</defaultProjectile>
        <warmupTime>1.6</warmupTime>
        <range>25</range>
        <ticksBetweenBurstShots>7</ticksBetweenBurstShots>
        <burstShotCount>8</burstShotCount>
        <soundCast>ShotMinigun</soundCast>
        <soundCastTail>GunTail_Medium</soundCastTail>
        <muzzleFlashScale>9</muzzleFlashScale> 
      </li>
    </verbs>
  </ThingDef>
  </Defs>