﻿<?xml version="1.0" encoding="utf-8"?>

<Defs>

  <ThingDef ParentName="BuildingBase">
    <defName>Turret_M134MG</defName> 
    <label>Mounted M134 Turret</label>
    <thingClass>Building_TurretGun</thingClass>
    <techLevel>Spacer</techLevel>
    <graphicData>
      <texPath>Things/Defense/Guntripod</texPath> 
      <graphicClass>Graphic_Multi</graphicClass>
      <drawSize>(2,2)</drawSize>
      <damageData>
        <rect>(0.2,0.2,0.6,0.6)</rect>
      </damageData>
    </graphicData>
    <uiIconPath>Things/Defense/MenuIcon_M134</uiIconPath>
    <minifiedDef>MinifiedFurniture</minifiedDef>
    <altitudeLayer>Building</altitudeLayer> 
    <stealable>false</stealable>
    <rotatable>true</rotatable>
    <hasInteractionCell>True</hasInteractionCell>
    <interactionCellOffset>(0,0,-1)</interactionCellOffset>
    <statBases>
      <MaxHitPoints>300</MaxHitPoints>
      <WorkToBuild>2500</WorkToBuild> 
      <Mass>17.57</Mass>
      <Beauty>-20</Beauty>
    </statBases>
    <tickerType>Normal</tickerType>
    <comps>
      <li Class="CompProperties_Forbiddable"/>
      <li Class="CompProperties_Mannable">
        <manWorkType>Violent</manWorkType>
        </li>
      <li Class="CompProperties_Power">
        <compClass>CompPowerTrader</compClass>
        <basePowerConsumption>75</basePowerConsumption>
      </li>
      <li Class="CompProperties_Breakdownable"/>
    </comps>
    <description>A M134 Gatling turret. Can be directly controlled, but beware of friendly fire. need 75w electricity for activiate.</description>
    <passability>PassThroughOnly</passability>
    <pathCost>50</pathCost>
    <fillPercent>0.4</fillPercent>
    <castEdgeShadows>true</castEdgeShadows>
    <hasTooltip>true</hasTooltip>
    <costList>
      <Steel>150</Steel>
      <Gun_Minigun>1</Gun_Minigun>
    </costList>
    <terrainAffordanceNeeded>Light</terrainAffordanceNeeded>
    <designationCategory>Security</designationCategory>
    <specialDisplayRadius>25</specialDisplayRadius>
    <building>
      <turretGunDef>Gun_M134MG</turretGunDef>
      <turretBurstCooldownTime>4.25</turretBurstCooldownTime>
      <turretTopGraphicPath>Things/Defense/Gun_m134</turretTopGraphicPath> 
    </building>
    <researchPrerequisites>
      <li>MultibarrelWeapons</li>
    </researchPrerequisites>
  </ThingDef>

  <ThingDef ParentName="BaseBullet">
    <defName>Bullet_M134MG</defName>
    <label>7.62 NATO bullet</label>
    <graphicData>
      <texPath>Things/Projectile/Bullet_Small</texPath>
      <graphicClass>Graphic_Single</graphicClass>
    </graphicData>
    <projectile>
      <damageDef>Bullet</damageDef>
      <damageAmountBase>10</damageAmountBase> 
      <speed>150</speed> 
    </projectile>
  </ThingDef>

  <ThingDef ParentName="BaseHumanGun"> 
    <defName>Gun_M134MG</defName> 
    <label>M134 turret gun</label>
    <graphicData>
      <texPath>Things/Item/Equipment/WeaponRanged/LMG</texPath> 
      <graphicClass>Graphic_Single</graphicClass>
    </graphicData>
    <menuHidden>true</menuHidden>
    <description>Jury-rigged gun attached to a turret. If you find this...You must be Debugger, right?</description>
    <soundInteract>InteractRifle</soundInteract>
    <canBeSpawningInventory>false</canBeSpawningInventory>
    <tradeability>Never</tradeability>
    <destroyOnDrop>true</destroyOnDrop>
    <useHitPoints>false</useHitPoints>
    <statBases>
      <AccuracyTouch>0.66</AccuracyTouch>
      <AccuracyShort>0.51</AccuracyShort>
      <AccuracyMedium>0.29</AccuracyMedium>
      <AccuracyLong>0.13</AccuracyLong>
      <RangedWeapon_Cooldown>0.8</RangedWeapon_Cooldown>
      <DeteriorationRate>0</DeteriorationRate>
    </statBases>
    <weaponTags>
      <li>TurretGun</li>
    </weaponTags>
    <verbs>
      <li>
        <verbClass>Verb_Shoot</verbClass>
        <hasStandardCommand>true</hasStandardCommand>
        <defaultProjectile>Bullet_M134MG</defaultProjectile>
        <warmupTime>1.3</warmupTime>
        <range>35</range>
        <ticksBetweenBurstShots>3</ticksBetweenBurstShots>
        <burstShotCount>25</burstShotCount>
        <soundCast>ShotMinigun</soundCast>
        <soundCastTail>GunTail_Heavy</soundCastTail>
        <muzzleFlashScale>10</muzzleFlashScale> 
      </li>
    </verbs>
  </ThingDef>
  </Defs>