﻿<?xml version="1.0" encoding="utf-8"?>

<Defs>

  <ThingDef ParentName="BuildingBase">
    <defName>Turret_M2HBT</defName> 
    <label>Mounted Twin M2 HB Turret</label>
    <thingClass>Building_TurretGun</thingClass>
    <techLevel>Industrial</techLevel>
    <graphicData>
      <texPath>Things/Defense/Gunquadpod</texPath> 
      <graphicClass>Graphic_Single</graphicClass>
      <drawSize>(2,2)</drawSize>
      <damageData>
        <rect>(0.2,0.2,0.6,0.6)</rect>
      </damageData>
    </graphicData>
    <uiIconPath>Things/Defense/MenuIcon_M2HBT</uiIconPath>
    <minifiedDef>MinifiedFurniture</minifiedDef>
    <altitudeLayer>Building</altitudeLayer> 
    <stealable>false</stealable>
    <rotatable>true</rotatable>
    <hasInteractionCell>True</hasInteractionCell>
    <interactionCellOffset>(0,0,-1)</interactionCellOffset>
    <statBases>
      <MaxHitPoints>450</MaxHitPoints>
      <WorkToBuild>15000</WorkToBuild> 
      <Mass>73.4</Mass>
      <Beauty>-20</Beauty>
    </statBases>
    <tickerType>Normal</tickerType>
    <comps>
      <li Class="CompProperties_Forbiddable"/>
      <li Class="CompProperties_Mannable">
        <manWorkType>Violent</manWorkType>
        </li>
      <li Class="CompProperties_Breakdownable"/>
    </comps>
    <description>A Twin M2 HB turret. Can be directly controlled, but beware of friendly fire.</description>
    <passability>PassThroughOnly</passability>
    <pathCost>50</pathCost>
    <fillPercent>0.4</fillPercent>
    <castEdgeShadows>true</castEdgeShadows>
    <hasTooltip>true</hasTooltip>
    <costList>
      <Steel>500</Steel>
      <Component>6</Component>
    
  </costList>
    <terrainAffordanceNeeded>Light</terrainAffordanceNeeded>
    <designationCategory>Security</designationCategory>
    <specialDisplayRadius>30</specialDisplayRadius>
    <building>
      <turretGunDef>Gun_M2HBT</turretGunDef>
      <turretBurstCooldownTime>3.75</turretBurstCooldownTime>
      <turretTopGraphicPath>Things/Defense/Gun_m2twin</turretTopGraphicPath> 
    </building>
    <researchPrerequisites>
      <li>GasOperation</li>
      <li>GunTurrets</li>
    </researchPrerequisites>
  </ThingDef>

  <ThingDef ParentName="BaseBullet">
    <defName>Bullet_M2HBT</defName>
    <label>.50 BMG bullet</label>
    <graphicData>
      <texPath>Things/Projectile/Bullet_Big</texPath>
      <graphicClass>Graphic_Single</graphicClass>
    </graphicData>
    <projectile>
      <damageDef>Bullet</damageDef>
      <damageAmountBase>20</damageAmountBase> 
      <speed>105</speed> 
    </projectile>
  </ThingDef>

  <ThingDef ParentName="BaseHumanGun"> 
    <defName>Gun_M2HBT</defName> 
    <label>Twin M2 turret gun</label>
    <graphicData>
      <texPath>Things/Item/Equipment/WeaponRanged/LMG</texPath> 
      <graphicClass>Graphic_Single</graphicClass>
    </graphicData>
    <menuHidden>true</menuHidden>
    <description>Jury-rigged gun attached to a turret. If you find this...You must be Debugger, right?</description>
    <soundInteract>InteractRifle</soundInteract>
    <canBeSpawningInventory>false</canBeSpawningInventory>
    <tradeability>Never</tradeability>
    <destroyOnDrop>true</destroyOnDrop>
    <useHitPoints>false</useHitPoints>
    <statBases>
      <AccuracyTouch>0.80</AccuracyTouch>
      <AccuracyShort>0.56</AccuracyShort>
      <AccuracyMedium>0.45</AccuracyMedium>
      <AccuracyLong>0.16</AccuracyLong>
      <RangedWeapon_Cooldown>1.02</RangedWeapon_Cooldown>
      <DeteriorationRate>0</DeteriorationRate>
    </statBases>
    <weaponTags>
      <li>TurretGun</li>
    </weaponTags>
    <verbs>
      <li>
        <verbClass>Verb_Shoot</verbClass>
        <hasStandardCommand>true</hasStandardCommand>
        <defaultProjectile>Bullet_M2HBT</defaultProjectile>
        <warmupTime>1.5</warmupTime>
        <range>42</range>
        <ticksBetweenBurstShots>8</ticksBetweenBurstShots>
        <burstShotCount>6</burstShotCount>
        <soundCast>ShotM2</soundCast>
        <soundCastTail>GunTail_Heavy</soundCastTail>
        <muzzleFlashScale>13</muzzleFlashScale> 
      </li>
    </verbs>
  </ThingDef>
  </Defs>