﻿<?xml version="1.0" encoding="utf-8"?>

<Defs>

  <ThingDef ParentName="BuildingBase">
    <defName>Turret_Mk19MGL</defName> 
    <label>Mounted Mk.19 Turret</label>
    <thingClass>Building_TurretGun</thingClass>
    <techLevel>Industrial</techLevel>
    <graphicData>
      <texPath>Things/Defense/Guntripod</texPath> 
      <graphicClass>Graphic_Multi</graphicClass>
      <drawSize>(2,2)</drawSize>
      <damageData>
        <rect>(0.2,0.2,0.6,0.6)</rect>
      </damageData>
    </graphicData>
    <uiIconPath>Things/Defense/MenuIcon_Mk19MGL</uiIconPath>
    <minifiedDef>MinifiedFurniture</minifiedDef>
    <altitudeLayer>Building</altitudeLayer> 
    <stealable>false</stealable>
    <rotatable>true</rotatable>
    <hasInteractionCell>True</hasInteractionCell>
    <interactionCellOffset>(0,0,-1)</interactionCellOffset>
    <statBases>
      <MaxHitPoints>200</MaxHitPoints>
      <WorkToBuild>12500</WorkToBuild> 
      <Mass>35</Mass>
      <Beauty>-20</Beauty>
    </statBases>
    <tickerType>Normal</tickerType>
    <comps>
      <li Class="CompProperties_Forbiddable"/>
      <li Class="CompProperties_Mannable">
        <manWorkType>Violent</manWorkType>
        </li>
      <li Class="CompProperties_Breakdownable"/>
    </comps>
    <description>A Mk.19 Grenade Launcher turret. Can be directly controlled, but beware of friendly fire. Watch out for Splash damage.</description>
    <passability>PassThroughOnly</passability>
    <pathCost>50</pathCost>
    <fillPercent>0.4</fillPercent>
    <castEdgeShadows>true</castEdgeShadows>
    <hasTooltip>true</hasTooltip>
    <costList>
      <Steel>400</Steel>
      <Component>6</Component>
      <Shell_HighExplosive>5</Shell_HighExplosive>
    </costList>
    <terrainAffordanceNeeded>Light</terrainAffordanceNeeded>
    <designationCategory>Security</designationCategory>
    <specialDisplayRadius>27</specialDisplayRadius>
    <building>
      <turretGunDef>Gun_Mk19MGL</turretGunDef>
      <turretBurstCooldownTime>5.25</turretBurstCooldownTime>
      <turretTopGraphicPath>Things/Defense/Gun_Mk19</turretTopGraphicPath> 
    </building>
    <researchPrerequisites>
      <li>GasOperation</li>
      <li>Mortars</li>
    </researchPrerequisites>
  </ThingDef>

  <ThingDef ParentName="BaseBullet">
    <defName>Bullet_Mk19MGL</defName>
    <label>40x53mm Grenade</label>
    <graphicData>
      <texPath>Things/Projectile/Bullet_Big</texPath>
      <graphicClass>Graphic_Single</graphicClass>
    </graphicData>
    <thingClass>Projectile_Explosive</thingClass>
    <projectile>
      <damageDef>Bomb</damageDef>
      <damageAmountBase>30</damageAmountBase>
      <explosionRadius>1.9</explosionRadius>
      <speed>35</speed> 
    </projectile>
  </ThingDef>

  <ThingDef ParentName="BaseHumanGun"> 
    <defName>Gun_Mk19MGL</defName> 
    <label>Mk. 19 turret gun</label>
    <graphicData>
      <texPath>Things/Item/Equipment/WeaponRanged/IncendiaryLauncher</texPath> 
      <graphicClass>Graphic_Single</graphicClass>
    </graphicData>
    <menuHidden>true</menuHidden>
    <description>Jury-rigged Launcher attached to a turret. If you find this...You must be Debugger, right?</description>
    <soundInteract>InteractRifle</soundInteract>
    <canBeSpawningInventory>false</canBeSpawningInventory>
    <tradeability>Never</tradeability>
    <destroyOnDrop>true</destroyOnDrop>
    <useHitPoints>false</useHitPoints>
    <statBases>
      <AccuracyTouch>0.66</AccuracyTouch>
      <AccuracyShort>0.45</AccuracyShort>
      <AccuracyMedium>0.20</AccuracyMedium>
      <AccuracyLong>0.09</AccuracyLong>
      <RangedWeapon_Cooldown>3.28</RangedWeapon_Cooldown>
      <DeteriorationRate>0</DeteriorationRate>
    </statBases>
    <weaponTags>
      <li>TurretGun</li>
    </weaponTags>
    <verbs>
      <li>
        <verbClass>Verb_Shoot</verbClass>
        <hasStandardCommand>true</hasStandardCommand>
        <defaultProjectile>Bullet_Mk19MGL</defaultProjectile>
        <warmupTime>3.2</warmupTime>
        <range>35</range>
        <minRange>5</minRange>
        <ticksBetweenBurstShots>25</ticksBetweenBurstShots>
        <burstShotCount>3</burstShotCount>
        <soundCast>InfernoCannon_Fire</soundCast>
        <soundCastTail>GunTail_Heavy</soundCastTail>
        <muzzleFlashScale>16</muzzleFlashScale> 
      </li>
    </verbs>
  </ThingDef>
  </Defs>