<?xml version="1.0" encoding="UTF-8"?>
<ModMetaData>

	<name>Tribal Essentials [b18]</name>
	<author>Rainbeau Flambe</author>
	<url>https://ludeon.com/forums/index.php?topic=36687.0</url>
	<targetVersion>0.18.0</targetVersion>
	<description>(Last update: 12/12/2017)

This is an unofficial* b18 update of RimRue's "Tribal Essentials" mod. All original credit goes to her!

This mod adds new tribal items for those players who want to play a tribal scenario and who don't want to rush into research. It includes joy items, production spots for butchering, brewing, art, tailoring, stonecutting and researching, a smokepit, a stone oven, psychoid tea, cooked eggs, popcorn, and art, apparel, walls and flooring.

Apparel:
- Woven Hats and Cloaks (made from dried grass or pounded bark)
- Muffalo Headdress (an impressive hat which yields a small Social boost)
- Tribal Helmet (a wooden tribal helmet; requires "Smithing" research)
- Tribal Armor (a tough hide coat with wooden slat armor; requires "Smithing" research)

Furniture:
- Double Sleeping Spot (for couples)
- Storage Box (a place to hide ugly items or to protect perishable items from the elements)

Items:
- Cooked eggs (since you can't use eggs in pemmican)
- Crafting Basket (a tribal version of the toolchest, made from hay, which boosts production speed)
- Large and Small Rugs
- Large and Small Totems
- Patchwork Leather (a low quality leather patched together from scraps at a crafting spot)
- Popcorn (gives joy, but not much nutrition)
- Psychoid Tea (a social drug that can also help fight disease)
- Smoked meat (preserved meat, which can be eaten "as is" or made into pemmican)
- Urns and Decorative Pots

Joy Objects:
- Three Stones Game (a tribal version of chess)
- Tribal Lore Fire (a place for tribals to gather, share stories, and gain a small Social skill boost)

Production:
- Art, Brewing, Butchering, Researching, Stonechipping and Tailoring Spots
- Smokepit (a small fire used to make smoked meat)
- Stone Oven (a primitive oven, better than a campfire for cooking food)

Security:
- Earthen Mounds (more protection than rock chunks, but not as much as sandbags)
- Pitfall Trap (a deep pit with sharp spikes; requires "Basic Traps" research)

Walls and Floors:
- Barn Board Floor (uses less wood to build)
- Log Walls (like wood walls, but with a log texture)
- Rough Paving (uses less stone to build)
- Random Paving (requires "Stonecutting" research)

Credits:
- 3DGrunge (Tribal Armor Breastplates)
- Bacon Bits (Pitfall Traps)
- CuproPanda (Earthen Mounds)
- ItchyFlea (Log Walls)
- MasterDihtung (Pottery)
- Mouf (Psychoid Tea and Patchwork Leather)
- Tammabanana (Smokepit)
- Telkir (Stone and Wood Floors)
- TrueDestroyer (Double Sleeping Spot)
- And of course, RimRue, for putting it all together in the first place!

NOTE: If you want a truly tribal game, consider also using my update of Rue's "Tribal Raiders" to add a hostile tribal faction to the game, and my "Configurable Maps" mod to remove the outlander, pirate and mechanoid factions!

=========================

* Note that while I've attempted to contact RimRue to gain her approval for this update, I have not yet been successful in reaching her. I opted to go ahead and release it, as I know a great many players have been anxiously awaiting a b18 version of the mod, and I think it'd be a shame for it to just fall by the wayside. However, the possibility exists that she may eventually return to Steam or to the Ludeon forums, and decide that she does not approve of what I've done. If that should happen, be aware that this mod will immediately be removed.

	</description>

</ModMetaData>
