<?xml version="1.0" encoding="utf-8"?>
<Defs>

	<TraitDef>
		<defName>RCT_Aesthete</defName>
		<commonality>0.2</commonality>
		<degreeDatas>
			<li>
				<label>aesthete</label>
				<description>NAME loves beautiful things, and really cares about how HIS enviroment looks.</description>
			</li>
		</degreeDatas>
		<conflictingTraits>
			<li>Ascetic</li>
		</conflictingTraits>
	</TraitDef>

	<TraitDef>
		<defName>RCT_AnimalLover</defName>
		<commonality>0.3</commonality>
		<degreeDatas>
			<li>
				<label>animal lover</label>
				<description>NAME loves animals. HECAP doesn't feel quite the same about people, though.</description>
				<statOffsets>
					<AnimalGatherSpeed>0.1</AnimalGatherSpeed>
					<AnimalGatherYield>0.2</AnimalGatherYield>
					<TameAnimalChance>0.4</TameAnimalChance>
					<TrainAnimalChance>0.4</TrainAnimalChance>
					<RecruitPrisonerChance>-0.2</RecruitPrisonerChance>
					<SocialImpact>-0.4</SocialImpact>
				</statOffsets>			
				<skillGains>
					<li><key>Animals</key><value>4</value></li>
					<li><key>Social</key><value>-2</value></li>
				</skillGains>		
			</li>
		</degreeDatas>
		<requiredWorkTypes>
			<li>Handling</li>
		</requiredWorkTypes>
		<conflictingTraits>
			<li>RCT_AnimalHater</li>
			<li>RCT_Butcher</li>
		</conflictingTraits>
	</TraitDef>

	<TraitDef>
		<defName>RCT_AnimalHater</defName>
		<commonality>0.2</commonality>
		<degreeDatas>
			<li>
				<label>animal hater</label>
				<description>NAME just isn't an "animal person." HECAP doesn't like animals, and for the record, they don't seem to much like HIM, either.</description>
				<statOffsets>
					<AnimalGatherSpeed>-0.1</AnimalGatherSpeed>
					<AnimalGatherYield>-0.2</AnimalGatherYield>
					<TameAnimalChance>-0.4</TameAnimalChance>
					<TrainAnimalChance>-0.4</TrainAnimalChance>
				</statOffsets>			
				<skillGains>
					<li><key>Animals</key><value>-4</value></li>
				</skillGains>		
			</li>
		</degreeDatas>
		<conflictingTraits>
			<li>RCT_AnimalLover</li>
		</conflictingTraits>
	</TraitDef>

	<TraitDef>
		<defName>RCT_Bipolar</defName>
		<commonality>0.2</commonality>
		<degreeDatas>
			<li>
				<label>bipolar</label>
				<description>NAME is prone to extreme mood swings. When HE's happy, HE can be very happy, but when HE's sad, HE can become dangerously depressed.</description>
			</li>
		</degreeDatas>
		<conflictingTraits>
			<li>NaturalMood</li>
		</conflictingTraits>
	</TraitDef>

	<TraitDef>
		<defName>RCT_BrownThumb</defName>
		<commonality>0.4</commonality>
		<degreeDatas>
			<li>
				<label>brown thumb</label>
				<description>NAME is a terrible gardener. The only thing HE seems able to grow is weeds.</description>
				<statOffsets>
					<PlantHarvestYield>-0.2</PlantHarvestYield>
					<PlantWorkSpeed>-0.2</PlantWorkSpeed>
				</statOffsets>
				<skillGains>
					<li><key>Growing</key><value>-2</value></li>
				</skillGains>
			</li>
		</degreeDatas>
		<conflictingTraits>
			<li>GreenThumb</li>
			<li>RCT_Aptitude</li>
		</conflictingTraits>
	</TraitDef>

	<TraitDef>
		<defName>RCT_Builder</defName>
		<commonality>0.3</commonality>
		<degreeDatas>
			<li>
				<label>builder</label>
				<description>NAME loved playing with construction toys as a child, and still enjoys the thrill of "putting things together." But HE tends to be a bit lost without clear instructions to follow.</description>
				<statOffsets>
					<ConstructionSpeed>0.2</ConstructionSpeed>
					<ConstructSuccessChance>0.2</ConstructSuccessChance>
					<SculptingSpeed>-0.4</SculptingSpeed>
				</statOffsets>
				<skillGains>
					<li><key>Artistic</key><value>-2</value></li>
					<li><key>Construction</key><value>2</value></li>
				</skillGains>
			</li>
		</degreeDatas>
		<requiredWorkTags>
			<li>ManualSkilled</li>
		</requiredWorkTags>
		<conflictingTraits>
			<li>RCT_Aptitude</li>
		</conflictingTraits>
	</TraitDef>

	<TraitDef>
		<defName>RCT_Butcher</defName>
		<commonality>0.2</commonality>
		<degreeDatas>
			<li>
				<label>butcher</label>
				<description>NAME enjoys preparing meat for cooking. HISCAP butchering speed is greatly increased, but only if HE's dealing with animal corpses. HECAP's terrible with mechanoids.</description>
				<statOffsets>
					<ButcheryFleshEfficiency>0.2</ButcheryFleshEfficiency>
					<ButcheryFleshSpeed>0.4</ButcheryFleshSpeed>
					<ButcheryMechanoidEfficiency>-0.2</ButcheryMechanoidEfficiency>
					<ButcheryMechanoidSpeed>-0.4</ButcheryMechanoidSpeed>
				</statOffsets>			
				<skillGains>
					<li><key>Cooking</key><value>2</value></li>
				</skillGains>		
			</li>
		</degreeDatas>
		<requiredWorkTags>
			<li>Cooking</li>
		</requiredWorkTags>
 		<conflictingTraits>
			<li>RCT_AnimalLover</li>
			<li>RCT_Aptitude</li>
		</conflictingTraits>
	</TraitDef>

	<TraitDef>
		<defName>RCT_Chemist</defName>
		<commonality>0.3</commonality>
		<degreeDatas>
			<li>
				<label>chemist</label>
				<description>NAME has a knack for organic chemistry, and is quite an efficient worker when brewing or producing drugs.</description>
				<statOffsets>
					<BrewingSpeed>0.2</BrewingSpeed>
					<CookSpeed>0.1</CookSpeed>
					<DrugProductionSpeed>0.25</DrugProductionSpeed>
				</statOffsets>
				<skillGains>
					<li><key>Cooking</key><value>2</value></li>
					<li><key>Crafting</key><value>2</value></li>
				</skillGains>
			</li>
		</degreeDatas>
		<requiredWorkTypes>
			<li>Cooking</li>
			<li>Crafting</li>
		</requiredWorkTypes>
		<conflictingTraits>
			<li>RCT_Aptitude</li>
		</conflictingTraits>
	</TraitDef>

	<TraitDef>
		<defName>RCT_Claustrophobic</defName>
		<commonality>0.2</commonality>
		<degreeDatas>
			<li>
				<label>claustrophobic</label>
				<description>NAME is claustrophobic. HECAP is terrified of tight spaces, and thus is not a very competent miner.</description>
				<statOffsets>
					<MiningSpeed>-0.2</MiningSpeed>
					<MiningYield>-0.2</MiningYield>
				</statOffsets>
				<skillGains>
					<li><key>Mining</key><value>-2</value></li>
				</skillGains>
			</li>
		</degreeDatas>
		<conflictingTraits>
			<li>RCT_Aptitude</li>
			<li>RCT_Rockhound</li>
		</conflictingTraits>
	</TraitDef>

	<TraitDef>
		<defName>RCT_ColdLover</defName>
		<commonality>0.4</commonality>
		<degreeDatas>
			<li>
				<label>cold lover</label>
				<description>NAME loves colder temperatures. HECAP'll complain less than others when it's chilly, but will whine more when it's hot.</description>
				<statOffsets>
					<ComfyTemperatureMax>-3</ComfyTemperatureMax>
					<ComfyTemperatureMin>-5</ComfyTemperatureMin>
				</statOffsets>
			</li>
		</degreeDatas>
		<conflictingTraits>
			<li>RCT_HeatLover</li>
		</conflictingTraits>
	</TraitDef>

	<TraitDef>
		<defName>RCT_DeepSleeper</defName>
		<commonality>0.4</commonality>
		<degreeDatas>
			<li>
				<label>deep sleeper</label>
				<description>NAME can sleep through anything.</description>
			</li>
		</degreeDatas>
	</TraitDef>

	<TraitDef>
		<defName>RCT_Dunce</defName>
		<commonality>0.1</commonality>
		<degreeDatas>
			<li>
				<label>dunce</label>
				<description>NAME is a bit of a dunce, and learns at a slower rate than others.</description>
				<statOffsets>
					<GlobalLearningFactor>-0.25</GlobalLearningFactor>
					<ResearchSpeed>-0.2</ResearchSpeed>
				</statOffsets>		
				<skillGains>
					<li><key>Intellectual</key><value>-4</value></li>
				</skillGains>
			</li>
		</degreeDatas>
		<conflictingTraits>
			<li>TooSmart</li>
			<li>FastLearner</li>
			<li>RCT_Inventor</li>
			<li>RCT_QuickLearner</li>
			<li>RCT_Savant</li>
		</conflictingTraits>
	</TraitDef>

	<TraitDef>
		<defName>RCT_Gourmet</defName>
		<commonality>0.3</commonality>
		<degreeDatas>
			<li>
				<label>gourmet</label>
				<description>NAME has a passion for food preparation. HISCAP culinary creations are quite tasty, but HE tends to take a while getting them "just right."</description>
				<statOffsets>
					<CookSpeed>-0.2</CookSpeed>
					<FoodPoisonChance>-0.4</FoodPoisonChance>
				</statOffsets>
				<skillGains>
					<li><key>Cooking</key><value>4</value></li>
				</skillGains>
			</li>
		</degreeDatas>
		<requiredWorkTypes>
			<li>Cooking</li>
		</requiredWorkTypes>
		<conflictingTraits>
			<li>RCT_Aptitude</li>
		</conflictingTraits>
	</TraitDef>

	<TraitDef>
		<defName>GreenThumb</defName>
		<commonality>0.5</commonality>
		<degreeDatas>
			<li>
				<label>green thumb</label>
				<description>NAME has a passion for gardening. HECAP gets a mood bonus for every plant HE sows.</description>
				<statOffsets>
					<PlantHarvestYield>0.2</PlantHarvestYield>
					<PlantWorkSpeed>0.2</PlantWorkSpeed>
				</statOffsets>
				<skillGains>
					<li><key>Growing</key><value>2</value></li>
				</skillGains>
			</li>
		</degreeDatas>
		<requiredWorkTypes>
			<li>Growing</li>
			<li>PlantCutting</li>
		</requiredWorkTypes>
		<conflictingTraits>
			<li>RCT_Aptitude</li>
			<li>RCT_BrownThumb</li>
			<li>RCT_Rockhound</li>
		</conflictingTraits>
	</TraitDef>

	<TraitDef>
		<defName>RCT_HeatLover</defName>
		<commonality>0.4</commonality>
		<degreeDatas>
			<li>
				<label>heat lover</label>
				<description>NAME loves the heat. HECAP'll complain less than others when it's hot, but will whine more when it's cold.</description>
				<statOffsets>
					<ComfyTemperatureMax>5</ComfyTemperatureMax>
					<ComfyTemperatureMin>3</ComfyTemperatureMin>
				</statOffsets>
			</li>
		</degreeDatas>
		<conflictingTraits>
			<li>RCT_ColdLover</li>
		</conflictingTraits>
	</TraitDef>

	<TraitDef>
		<defName>RCT_Aptitude</defName>
		<commonality>0.3</commonality>
		<degreeDatas>
			<li>
				<label>inept</label>
				<description>HECAP means well, but NAME is uncoordinated, and just not very good at any sort of skilled labor.</description>
				<commonality>0.1</commonality>
				<degree>-1</degree>
				<statOffsets>
					<WorkSpeedGlobal>-0.25</WorkSpeedGlobal>
					<AnimalGatherSpeed>-0.2</AnimalGatherSpeed>
					<AnimalGatherYield>-0.2</AnimalGatherYield>
					<BrewingSpeed>-0.2</BrewingSpeed>
					<ButcheryFleshEfficiency>-0.2</ButcheryFleshEfficiency>
					<ButcheryFleshSpeed>-0.2</ButcheryFleshSpeed>
					<ButcheryMechanoidEfficiency>-0.2</ButcheryMechanoidEfficiency>
					<ButcheryMechanoidSpeed>-0.2</ButcheryMechanoidSpeed>
					<ConstructionSpeed>-0.2</ConstructionSpeed>
					<ConstructSuccessChance>-0.2</ConstructSuccessChance>
					<CookSpeed>-0.2</CookSpeed>
					<DrugProductionSpeed>-0.2</DrugProductionSpeed>
					<FixBrokenDownBuildingSuccessChance>-0.2</FixBrokenDownBuildingSuccessChance>
					<FoodPoisonChance>0.2</FoodPoisonChance>
					<MiningSpeed>-0.2</MiningSpeed>
					<MiningYield>-0.2</MiningYield>
					<PlantHarvestYield>-0.2</PlantHarvestYield>
					<PlantWorkSpeed>-0.2</PlantWorkSpeed>
					<SculptingSpeed>-0.2</SculptingSpeed>
					<SmithingSpeed>-0.2</SmithingSpeed>
					<TailoringSpeed>-0.2</TailoringSpeed>
				</statOffsets>
				<skillGains>
					<li><key>Artistic</key><value>-2</value></li>
					<li><key>Construction</key><value>-2</value></li>
					<li><key>Cooking</key><value>-2</value></li>
					<li><key>Crafting</key><value>-2</value></li>
					<li><key>Growing</key><value>-2</value></li>
					<li><key>Mining</key><value>-2</value></li>
				</skillGains>
			</li>
			<li>
				<label>coordinated</label>
				<description>NAME is unusually coordinated, and good at most any sort of skilled labor.</description>
				<commonality>0.2</commonality>
				<degree>1</degree>
				<statOffsets>
					<WorkSpeedGlobal>0.2</WorkSpeedGlobal>
					<AnimalGatherSpeed>0.1</AnimalGatherSpeed>
					<AnimalGatherYield>0.1</AnimalGatherYield>
					<BrewingSpeed>0.1</BrewingSpeed>
					<ButcheryFleshEfficiency>0.1</ButcheryFleshEfficiency>
					<ButcheryFleshSpeed>0.1</ButcheryFleshSpeed>
					<ButcheryMechanoidEfficiency>0.1</ButcheryMechanoidEfficiency>
					<ButcheryMechanoidSpeed>0.1</ButcheryMechanoidSpeed>
					<ConstructionSpeed>0.1</ConstructionSpeed>
					<ConstructSuccessChance>0.1</ConstructSuccessChance>
					<CookSpeed>0.1</CookSpeed>
					<DrugProductionSpeed>0.1</DrugProductionSpeed>
					<FixBrokenDownBuildingSuccessChance>0.1</FixBrokenDownBuildingSuccessChance>
					<FoodPoisonChance>-0.1</FoodPoisonChance>
					<MiningSpeed>0.1</MiningSpeed>
					<MiningYield>0.1</MiningYield>
					<PlantHarvestYield>0.1</PlantHarvestYield>
					<PlantWorkSpeed>0.1</PlantWorkSpeed>
					<SculptingSpeed>0.1</SculptingSpeed>
					<SmithingSpeed>0.1</SmithingSpeed>
					<TailoringSpeed>0.1</TailoringSpeed>
				</statOffsets>
				<skillGains>
					<li><key>Artistic</key><value>2</value></li>
					<li><key>Construction</key><value>2</value></li>
					<li><key>Cooking</key><value>2</value></li>
					<li><key>Crafting</key><value>2</value></li>
					<li><key>Growing</key><value>2</value></li>
					<li><key>Mining</key><value>2</value></li>
				</skillGains>
			</li>
		</degreeDatas>
		<conflictingTraits>
			<li>GreenThumb</li>
			<li>Industriousness</li>
			<li>RCT_BrownThumb</li>
			<li>RCT_Builder</li>
			<li>RCT_Butcher</li>
			<li>RCT_Chemist</li>
			<li>RCT_Claustrophobic</li>
			<li>RCT_Gourmet</li>
			<li>RCT_Inventor</li>
			<li>RCT_Perfectionist</li>
			<li>RCT_Rockhound</li>
			<li>RCT_Savant</li>
		</conflictingTraits>
	</TraitDef>

	<TraitDef>
		<defName>RCT_PainThreshold</defName>
		<commonality>1</commonality>
		<degreeDatas>
			<li>
				<label>ironman</label>
				<description>NAME has an exceptionally high tolerance for pain. HE is unlikely to be immobilized by it.</description>
				<commonality>0.25</commonality>
				<degree>2</degree>
				<statOffsets>
					<PainShockThreshold>0.65</PainShockThreshold>
				</statOffsets>
			</li>
			<li>
				<label>tough</label>
				<description>NAME has a high tolerance for pain.</description>
				<commonality>0.4</commonality>
				<degree>1</degree>
				<statOffsets>
					<PainShockThreshold>0.33</PainShockThreshold>
				</statOffsets>
			</li>
			<li>
				<label>low pain tolerance</label>
				<description>NAME will become immobilized by pain more quickly than most.</description>
				<commonality>0.35</commonality>
				<degree>-1</degree>
				<statOffsets>
					<PainShockThreshold>-0.33</PainShockThreshold>
				</statOffsets>
			</li>
		</degreeDatas>
		<conflictingTraits>
			<li>Wimp</li>
		</conflictingTraits>
	</TraitDef>

	<TraitDef>
		<defName>RCT_Inventor</defName>
		<commonality>0.2</commonality>
		<degreeDatas>
			<li>
				<label>inventor</label>
				<description>Strange new ideas just appear in NAME's mind. Researching new technologies comes easily to HIM, but HE always seems distracted.</description>
				<statOffsets>
					<ResearchSpeed>0.4</ResearchSpeed>
					<WorkSpeedGlobal>-0.2</WorkSpeedGlobal>
					<MoveSpeed>-0.1</MoveSpeed>
					<PsychicSensitivity>0.1</PsychicSensitivity>
					<MentalBreakThreshold>0.1</MentalBreakThreshold>
				</statOffsets>			
				<skillGains>
					<li><key>Intellectual</key><value>2</value></li>
				</skillGains>		
			</li>
		</degreeDatas>
		<requiredWorkTypes>
			<li>Research</li>
		</requiredWorkTypes>
		<conflictingTraits>
			<li>RCT_Aptitude</li>
			<li>RCT_Dunce</li>
		</conflictingTraits>
	</TraitDef>

	<TraitDef>
		<defName>RCT_Eyesight</defName>
		<commonality>0.5</commonality>
		<degreeDatas>
			<li>
				<label>near-sighted</label>
				<description>NAME has a hard time seeing things clearly unless HE is relatively close to them.</description>
				<commonality>0.3</commonality>
				<degree>-1</degree>
				<statOffsets>
					<ShootingAccuracy>-0.25</ShootingAccuracy>
					<WorkSpeedGlobal>-0.1</WorkSpeedGlobal>
				</statOffsets>
			</li>
			<li>
				<label>eagle-eyed</label>
				<description>NAME has a keen eye, and can quickly spot targets.</description>
				<commonality>0.2</commonality>
				<degree>1</degree>
				<statOffsets>
					<MeleeHitChance>0.1</MeleeHitChance>
					<ShootingAccuracy>0.25</ShootingAccuracy>
				</statOffsets>
				<skillGains>
					<li><key>Shooting</key><value>2</value></li>
				</skillGains>
			</li>
		</degreeDatas>
		<conflictingTraits>
			<li>ShootingAccuracy</li>
		</conflictingTraits>
	</TraitDef>

	<TraitDef>
		<defName>RCT_NeatFreak</defName>
		<commonality>0.3</commonality>
		<degreeDatas>
			<li>
				<label>neat freak</label>
				<description>NAME is fastidious to a fault.</description>
				<statOffsets>
					<WorkSpeedGlobal>-0.2</WorkSpeedGlobal>
					<FoodPoisonChance>-0.5</FoodPoisonChance>
					<ImmunityGainSpeed>0.2</ImmunityGainSpeed>
					<MedicalSurgerySuccessChance>0.2</MedicalSurgerySuccessChance>
					<MedicalTendQuality>0.2</MedicalTendQuality>
					<MedicalOperationSpeed>-0.1</MedicalOperationSpeed>
					<MedicalTendSpeed>-0.1</MedicalTendSpeed>
				</statOffsets>
				<skillGains>
					<li><key>Cooking</key><value>2</value></li>
				</skillGains>
			</li>
		</degreeDatas>
		<requiredWorkTags>
			<li>Cleaning</li>
		</requiredWorkTags>
	</TraitDef>

	<TraitDef>
		<defName>RCT_EatingSpeed</defName>
		<commonality>0.4</commonality>
		<degreeDatas>
			<li>
				<label>nibbler</label>
				<description>NAME picks at HIS food, taking extra time to finish HIS meals.</description>
				<degree>-1</degree>
				<statOffsets>
					<EatingSpeed>-0.25</EatingSpeed>
				</statOffsets>
			</li>
			<li>
				<label>glutton</label>
				<description>NAME devours HIS meals much faster than others.</description>
				<degree>1</degree>
				<statOffsets>
					<EatingSpeed>0.25</EatingSpeed>
				</statOffsets>
			</li>
		</degreeDatas>
	</TraitDef>
	
	<TraitDef>
		<defName>RCT_Nyctophobe</defName>
		<commonality>0.2</commonality>
		<degreeDatas>
			<li>
				<label>nyctophobe</label>
				<description>NAME is really afraid of the dark.</description>
				<commonality>0.15</commonality>
				<degree>-1</degree>
			</li>
			<li>
				<label>nyctophile</label>
				<description>NAME doesn't fear the dark at all.</description>
				<commonality>0.05</commonality>
				<degree>1</degree>
			</li>
		</degreeDatas>
	</TraitDef>

	<TraitDef>
		<defName>RCT_Perfectionist</defName>
		<commonality>0.2</commonality>
		<degreeDatas>
			<li>
				<label>perfectionist</label>
				<description>NAME refuses to accept less than HIS best in any endeavor, no matter how long it takes. HECAP's less likely to fail when doing something, but HE works slowly.</description>
				<statOffsets>
					<WorkSpeedGlobal>-0.2</WorkSpeedGlobal>
					<AnimalGatherSpeed>-0.1</AnimalGatherSpeed>
					<AnimalGatherYield>0.2</AnimalGatherYield>
					<BrewingSpeed>-0.1</BrewingSpeed>
					<ButcheryFleshEfficiency>0.2</ButcheryFleshEfficiency>
					<ButcheryFleshSpeed>-0.1</ButcheryFleshSpeed>
					<ButcheryMechanoidEfficiency>0.2</ButcheryMechanoidEfficiency>
					<ButcheryMechanoidSpeed>-0.1</ButcheryMechanoidSpeed>
					<ConstructionSpeed>-0.1</ConstructionSpeed>
					<ConstructSuccessChance>0.2</ConstructSuccessChance>
					<CookSpeed>-0.1</CookSpeed>
					<DrugProductionSpeed>-0.1</DrugProductionSpeed>
					<FixBrokenDownBuildingSuccessChance>0.2</FixBrokenDownBuildingSuccessChance>
					<FoodPoisonChance>-0.2</FoodPoisonChance>
					<MechanoidOperationSuccessChance>0.2</MechanoidOperationSuccessChance>
					<MedicalOperationSpeed>-0.1</MedicalOperationSpeed>
					<MedicalSurgerySuccessChance>0.2</MedicalSurgerySuccessChance>
					<MedicalTendQuality>0.2</MedicalTendQuality>
					<MedicalTendSpeed>-0.1</MedicalTendSpeed>
					<MiningSpeed>-0.1</MiningSpeed>
					<MiningYield>0.2</MiningYield>
					<PlantHarvestYield>0.2</PlantHarvestYield>
					<PlantWorkSpeed>-0.1</PlantWorkSpeed>
					<ResearchSpeed>-0.1</ResearchSpeed>
					<SculptingSpeed>-0.1</SculptingSpeed>
					<SmithingSpeed>-0.1</SmithingSpeed>
					<TailoringSpeed>-0.1</TailoringSpeed>
				</statOffsets>
			</li>
		</degreeDatas>
		<conflictingTraits>
			<li>Industriousness</li>
			<li>RCT_Aptitude</li>
		</conflictingTraits>
	</TraitDef>

	<TraitDef>
		<defName>RCT_Medic</defName>
		<commonality>1</commonality>
		<degreeDatas>
			<li>
				<label>poor medic</label>
				<description>Even when they have the best of intentions, some people just aren't cut out for medicine. NAME is one of those people.</description>
				<commonality>0.4</commonality>
				<degree>-1</degree>
				<statOffsets>
					<MedicalSurgerySuccessChance>-0.2</MedicalSurgerySuccessChance>
					<MedicalTendQuality>-0.2</MedicalTendQuality>
				</statOffsets>
				<skillGains>
					<li><key>Medicine</key><value>-2</value></li>
				</skillGains>
			</li>
			<li>
				<label>skilled medic</label>
				<description>NAME seems to have a knack for medical work. Patients in HIS care will likely fare well.</description>
				<commonality>0.4</commonality>
				<degree>1</degree>
				<statOffsets>
					<MedicalSurgerySuccessChance>0.2</MedicalSurgerySuccessChance>
					<MedicalTendQuality>0.2</MedicalTendQuality>
				</statOffsets>
				<skillGains>
					<li><key>Medicine</key><value>2</value></li>
				</skillGains>
			</li>
			<li>
				<label>master medic</label>
				<description>NAME has a natural aptitude for medical work. Between HIS steady, skilled hands and HIS inspiring bedside manner, patients in HIS care will have little to fear.</description>
				<commonality>0.2</commonality>
				<degree>2</degree>
				<statOffsets>
					<MedicalOperationSpeed>-0.2</MedicalOperationSpeed>
					<MedicalSurgerySuccessChance>0.4</MedicalSurgerySuccessChance>
					<MedicalTendSpeed>-0.2</MedicalTendSpeed>
					<MedicalTendQuality>0.4</MedicalTendQuality>
				</statOffsets>
				<skillGains>
					<li><key>Medicine</key><value>4</value></li>
				</skillGains>
			</li>
		</degreeDatas>
		<requiredWorkTags>
			<li>Caring</li>
		</requiredWorkTags>
	</TraitDef>
	
	<TraitDef>
		<defName>RCT_QuickLearner</defName>
		<commonality>0.3</commonality>
		<degreeDatas>
			<li>
				<label>quick learner</label>
				<description>NAME has always picked up skills pretty quickly.</description>
				<statOffsets>
					<GlobalLearningFactor>0.25</GlobalLearningFactor>
				</statOffsets>
			</li>
		</degreeDatas>
		<conflictingTraits>
			<li>TooSmart</li>
			<li>FastLearner</li>
			<li>RCT_Dunce</li>
			<li>RCT_Savant</li>
		</conflictingTraits>
	</TraitDef>

	<TraitDef>
		<defName>RCT_Rockhound</defName>
		<commonality>0.3</commonality>
		<degreeDatas>
			<li>
				<label>rockhound</label>
				<description>NAME enjoys working with rocks. HISCAP mining speed is increased, but HIS lack of interest in other areas slows HIM down when doing other jobs. And HE hates working with plants.</description>
				<statOffsets>
					<WorkSpeedGlobal>-0.2</WorkSpeedGlobal>
					<MiningSpeed>0.4</MiningSpeed>
					<MiningYield>0.2</MiningYield>
					<PlantHarvestYield>-0.5</PlantHarvestYield>
					<PlantWorkSpeed>-0.4</PlantWorkSpeed>
					<SmoothingSpeed>0.4</SmoothingSpeed>
				</statOffsets>			
				<skillGains>
					<li><key>Crafting</key><value>2</value></li>
					<li><key>Growing</key><value>-4</value></li>
					<li><key>Mining</key><value>4</value></li>
				</skillGains>		
			</li>
		</degreeDatas>
		<requiredWorkTypes>
			<li>Crafting</li>
			<li>Mining</li>
		</requiredWorkTypes>
		<conflictingTraits>
			<li>GreenThumb</li>
			<li>RCT_Aptitude</li>
			<li>RCT_Claustrophobic</li>
		</conflictingTraits>
	</TraitDef>

	<TraitDef>
		<defName>RCT_Savant</defName>
		<commonality>0.1</commonality>
		<degreeDatas>
			<li>
				<label>savant</label>
				<description>NAME is a modern-day Da Vinci, with a creative mind that can grasp new ideas almost effortlessly. But HE's almost painfully slow when it comes to doing actual physical work.</description>
				<statOffsets>
					<GlobalLearningFactor>0.8</GlobalLearningFactor>
					<WorkSpeedGlobal>-0.6</WorkSpeedGlobal>
				</statOffsets>
				<skillGains>
					<li><key>Artistic</key><value>4</value></li>
					<li><key>Crafting</key><value>4</value></li>
					<li><key>Intellectual</key><value>4</value></li>
				</skillGains>
			</li>
		</degreeDatas>
		<requiredWorkTypes>
			<li>Art</li>
			<li>Crafting</li>
			<li>Research</li>
		</requiredWorkTypes>
		<conflictingTraits>
			<li>TooSmart</li>
			<li>FastLearner</li>
			<li>RCT_Aptitude</li>
			<li>RCT_Dunce</li>
			<li>RCT_QuickLearner</li>
		</conflictingTraits>
	</TraitDef>

	<TraitDef>
		<defName>RCT_Dodging</defName>
		<commonality>0.7</commonality>
		<degreeDatas>
			<li>
				<label>sluggish</label>
				<description>NAME is not very good at getting out of the way of blows.</description>
				<degree>-1</degree>
				<statOffsets>
					<MeleeDodgeChance>-0.5</MeleeDodgeChance>
				</statOffsets>
			</li>
			<li>
				<label>swift reflexes</label>
				<description>NAME has cat-like reflexes, and excels at evading attacks.</description>
				<degree>1</degree>
				<statOffsets>
					<MeleeDodgeChance>0.5</MeleeDodgeChance>
				</statOffsets>
			</li>
		</degreeDatas>
		<conflictingTraits>
			<li>Nimble</li>
		</conflictingTraits>
	</TraitDef>

	<TraitDef>
		<defName>RCT_Trader</defName>
		<commonality>1</commonality>
		<degreeDatas>
			<li>
				<label>sucker</label>
				<description>NAME just can't seem to help but get taken advantage of while trading. HECAP'll pay more than HE should, and still think that HE got a good deal. </description>
				<commonality>0.4</commonality>
				<degree>-1</degree>
				<statOffsets>
					<TradePriceImprovement>-0.2</TradePriceImprovement>
				</statOffsets>
				<skillGains>
					<li><key>Social</key><value>-2</value></li>
				</skillGains>
			</li>
			<li>
				<label>haggler</label>
				<description>NAME likes to haggle, and isn't bad at it. HECAP tends to get better prices than most people.</description>
				<commonality>0.4</commonality>
				<degree>1</degree>
				<statOffsets>
					<TradePriceImprovement>0.2</TradePriceImprovement>
				</statOffsets>
				<skillGains>
					<li><key>Social</key><value>2</value></li>
				</skillGains>
			</li>
			<li>
				<label>master trader</label>
				<description>NAME always gets the best deals.</description>
				<commonality>0.2</commonality>
				<degree>2</degree>
				<statOffsets>
					<TradePriceImprovement>0.4</TradePriceImprovement>
				</statOffsets>
				<skillGains>
					<li><key>Social</key><value>4</value></li>
				</skillGains>
			</li>      
		</degreeDatas>
		<conflictingTraits>
			<li>Abrasive</li>
			<li>AnnoyingVoice</li>
			<li>CreepyBreathing</li>
		</conflictingTraits>
		<requiredWorkTags>
			<li>Social</li>
		</requiredWorkTags>
	</TraitDef>

	<TraitDef>
		<defName>ShootingAccuracy</defName>
		<commonality>1.2</commonality>
		<degreeDatas>
			<li>
				<label>careful shooter</label>
				<description>NAME takes more time to aim when shooting. HECAP shoots less often than others, but with more accuracy.</description>
				<commonality>0.4</commonality>
				<degree>1</degree>
				<statOffsets>
					<AimingDelayFactor>0.25</AimingDelayFactor>
					<ShootingAccuracy>0.25</ShootingAccuracy>
				</statOffsets>
			</li>
			<li>
				<label>trigger-happy</label>
				<description>Pew! Pew! Pew! NAME just likes pulling the trigger. HECAP shoots faster than others, but less accurately.</description>
				<commonality>0.5</commonality>
				<degree>-1</degree>
				<statOffsets>
					<AimingDelayFactor>-0.5</AimingDelayFactor>
					<ShootingAccuracy>-0.25</ShootingAccuracy>
				</statOffsets>
			</li>
			<li>
				<label>deadshot</label>
				<description>NAME knows how to handle a firearm, and can shoot both quickly and accurately.</description>
				<commonality>0.3</commonality>
				<degree>2</degree>
				<statOffsets>
					<AimingDelayFactor>-0.5</AimingDelayFactor>
					<ShootingAccuracy>0.25</ShootingAccuracy>
				</statOffsets>
				<skillGains>
					<li><key>Shooting</key><value>2</value></li>
				</skillGains>
			</li>
		</degreeDatas>
		<conflictingTraits>
			<li>Brawler</li>
			<li>RCT_Eyesight</li>
		</conflictingTraits>
		<requiredWorkTags>
			<li>Violent</li>
		</requiredWorkTags>
	</TraitDef>
	
	<TraitDef>
		<defName>RCT_Diplomat</defName>
		<commonality>1</commonality>
		<degreeDatas>
			<li>
				<label>uncouth</label>
				<description>Subtlety? Diplomacy? NAME barely even understands the meaning of the words.</description>
				<commonality>0.4</commonality>
				<degree>-1</degree>
				<statOffsets>
					<RecruitPrisonerChance>-0.15</RecruitPrisonerChance>
					<SocialImpact>-0.2</SocialImpact>
				</statOffsets>
				<skillGains>
					<li><key>Social</key><value>-2</value></li>
				</skillGains>
			</li>
			<li>
				<label>diplomat</label>
				<description>NAME knows how to grease the wheels of diplomacy.</description>
				<commonality>0.4</commonality>
				<degree>1</degree>
				<statOffsets>
					<RecruitPrisonerChance>0.15</RecruitPrisonerChance>
					<SocialImpact>0.2</SocialImpact>
				</statOffsets>
				<skillGains>
					<li><key>Social</key><value>2</value></li>
				</skillGains>
			</li>
			<li>
				<label>master diplomat</label>
				<description>NAME has such a way with words that HE always manages to cool down a tense situation. HECAP could talk for days and people would still listen.</description>
				<commonality>0.2</commonality>
				<degree>2</degree>
				<statOffsets>
					<RecruitPrisonerChance>0.3</RecruitPrisonerChance>
					<SocialImpact>0.4</SocialImpact>
				</statOffsets>
				<skillGains>
					<li><key>Social</key><value>4</value></li>
				</skillGains>
			</li>      
		</degreeDatas>
		<conflictingTraits>
			<li>Abrasive</li>
			<li>AnnoyingVoice</li>
			<li>CreepyBreathing</li>
		</conflictingTraits>
		<requiredWorkTags>
			<li>Social</li>
		</requiredWorkTags>
	</TraitDef>

	<TraitDef>
		<defName>RCT_Constitution</defName>
		<commonality>0.5</commonality>
		<degreeDatas>
			<li>
				<label>weak constitution</label>
				<description>NAME is especially vulnerable to diseases, pathogens and toxic fallout.</description>
				<degree>-1</degree>
				<statOffsets>
					<ImmunityGainSpeed>-0.25</ImmunityGainSpeed>
					<ToxicSensitivity>0.5</ToxicSensitivity>
				</statOffsets>
			</li>
			<li>
				<label>strong constitution</label>
				<description>NAME's body is stronger than normal against diseases, pathogens and toxic fallout.</description>
				<degree>1</degree>
				<statOffsets>
					<ImmunityGainSpeed>0.25</ImmunityGainSpeed>
					<ToxicSensitivity>-0.5</ToxicSensitivity>
				</statOffsets>
			</li>
		</degreeDatas>
		<conflictingTraits>
			<li>SuperImmune</li>
		</conflictingTraits>
	</TraitDef>

</Defs>
