<?xml version="1.0" encoding="utf-8" ?>
<Defs>

	<!-- Base Cold Thoughts -->
	<ThoughtDef>
		<defName>EnvironmentCold</defName>
		<workerClass>ThoughtWorker_Cold</workerClass>
		<validWhileDespawned>true</validWhileDespawned>
		<nullifyingTraits>
			<li>RCT_ColdLover</li>
			<li>RCT_HeatLover</li>
		</nullifyingTraits>
		<stages>
			<li>
				<label>cold</label>
				<description>I'm uncomfortably cold.</description>
				<baseMoodEffect>-5</baseMoodEffect>
			</li>
			<li>
				<label>very cold</label>
				<description>I'm so cold. Shivering. Can't get warm.</description>
				<baseMoodEffect>-8</baseMoodEffect>
			</li>   
			<li>
				<label>freezing</label>
				<description>My teeth are chattering so hard I can barely speak. My toes are numb. I need to get warm.</description>
				<baseMoodEffect>-10</baseMoodEffect>
			</li>
		</stages>
	</ThoughtDef>

	<!-- Cold-Lover Cold Thoughts -->
	<ThoughtDef>
		<defName>EnvironmentColdCL</defName>
		<workerClass>ThoughtWorker_Cold</workerClass>
		<validWhileDespawned>true</validWhileDespawned>
		<requiredTraits>
			<li>RCT_ColdLover</li>
		</requiredTraits>
		<stages>
			<li>
				<label>cold</label>
				<description>Others may be complaining, but I don't mind this weather. It's invigorating!</description>
				<baseMoodEffect>-1</baseMoodEffect>
			</li>
			<li>
				<label>very cold</label>
				<description>Even by my standards, this is a bit cool.</description>
				<baseMoodEffect>-2</baseMoodEffect>
			</li>   
			<li>
				<label>freezing</label>
				<description>Yeah, fine. It's cold. But is it really worth whining about?</description>
				<baseMoodEffect>-3</baseMoodEffect>
			</li>
		</stages>
	</ThoughtDef>
	
	<!-- Heat-Lover Cold Thoughts -->
	<ThoughtDef>
		<defName>EnvironmentColdHL</defName>
		<workerClass>ThoughtWorker_Cold</workerClass>
		<validWhileDespawned>true</validWhileDespawned>
		<requiredTraits>
			<li>RCT_HeatLover</li>
		</requiredTraits>
		<stages>
			<li>
				<label>cold</label>
				<description>I'm uncomfortably cold.</description>
				<baseMoodEffect>-8</baseMoodEffect>
			</li>
			<li>
				<label>very cold</label>
				<description>I'm so cold. Shivering. Can't get warm.</description>
				<baseMoodEffect>-12</baseMoodEffect>
			</li>   
			<li>
				<label>freezing</label>
				<description>My teeth are chattering so hard I can barely speak. My toes are numb. I need to get warm.</description>
				<baseMoodEffect>-15</baseMoodEffect>
			</li>
		</stages>
	</ThoughtDef>

	<!-- Base Heat Thoughts -->
	<ThoughtDef>
		<defName>EnvironmentHot</defName>
		<workerClass>ThoughtWorker_Hot</workerClass>
		<validWhileDespawned>true</validWhileDespawned>
		<nullifyingTraits>
			<li>RCT_ColdLover</li>
			<li>RCT_HeatLover</li>
		</nullifyingTraits>
		<stages>
			<li>
				<label>hot</label>
				<description>This heat is unpleasant. I'm sweating.</description>
				<baseMoodEffect>-5</baseMoodEffect>
			</li>
			<li>
				<label>very hot</label>
				<description>I'm really overheated.</description>
				<baseMoodEffect>-10</baseMoodEffect>
			</li>    
			<li>
				<label>extremely hot</label>
				<description>I feel like I'm in an oven! I'm not sure how long I can handle this.</description>
				<baseMoodEffect>-15</baseMoodEffect>
			</li>
			<li>
				<label>burning up</label>
				<description>I'm burning up. I think I could die from this heat!</description>
				<baseMoodEffect>-20</baseMoodEffect>
			</li>     
		</stages>
	</ThoughtDef>

	<!-- Cold-Lover Heat Thoughts -->
	<ThoughtDef>
		<defName>EnvironmentHotCL</defName>
		<workerClass>ThoughtWorker_Hot</workerClass>
		<validWhileDespawned>true</validWhileDespawned>
		<requiredTraits>
			<li>RCT_ColdLover</li>
		</requiredTraits>
		<stages>
			<li>
				<label>hot</label>
				<description>This heat is unpleasant. I'm sweating.</description>
				<baseMoodEffect>-8</baseMoodEffect>
			</li>
			<li>
				<label>very hot</label>
				<description>I'm really overheated.</description>
				<baseMoodEffect>-15</baseMoodEffect>
			</li>    
			<li>
				<label>extremely hot</label>
				<description>I feel like I'm in an oven! I'm not sure how long I can handle this.</description>
				<baseMoodEffect>-23</baseMoodEffect>
			</li>
			<li>
				<label>burning up</label>
				<description>I'm burning up. I think I could die from this heat!</description>
				<baseMoodEffect>-30</baseMoodEffect>
			</li>     
		</stages>
	</ThoughtDef>
 
	<!-- Heat-Lover Heat Thoughts -->
	<ThoughtDef>
		<defName>EnvironmentHotHL</defName>
		<workerClass>ThoughtWorker_Hot</workerClass>
		<validWhileDespawned>true</validWhileDespawned>
		<requiredTraits>
			<li>RCT_HeatLover</li>
		</requiredTraits>
		<stages>
			<li>
				<label>hot</label>
				<description>Others may be complaining, but I don't mind this weather.</description>
				<baseMoodEffect>-1</baseMoodEffect>
			</li>
			<li>
				<label>very hot</label>
				<description>OK, yeah, it's getting a bit warm.</description>
				<baseMoodEffect>-3</baseMoodEffect>
			</li>    
			<li>
				<label>extremely hot</label>
				<description>Even by my standards, this is a bit toasty.</description>
				<baseMoodEffect>-4</baseMoodEffect>
			</li>
			<li>
				<label>burning up</label>
				<description>OK, sure, it's hot. I'm not terribly comfortable. But it could be worse.</description>
				<baseMoodEffect>-5</baseMoodEffect>
			</li> 
		</stages>
	</ThoughtDef>

	<!-- Base Random Mood Thoughts -->
	<ThoughtDef>
		<defName>FeelingRandom</defName>
		<workerClass>ThoughtWorker_RandomMood</workerClass>
		<validWhileDespawned>true</validWhileDespawned>
		<nullifyingTraits>
			<li>RCT_Bipolar</li>
		</nullifyingTraits>
		<stages>
			<li>
				<label>Feeling great</label>
				<description>For no apparent reason, I just feel great right now.</description>
				<baseMoodEffect>8</baseMoodEffect>
			</li>
			<li>
				<label>Feeling good</label>
				<description>For no apparent reason, I just feel good right now.</description>
				<baseMoodEffect>4</baseMoodEffect>
			</li>
			<li>
				<label>Feeling bad</label>
				<description>For no apparent reason, I just feel bad right now.</description>
				<baseMoodEffect>-4</baseMoodEffect>
			</li>
			<li>
				<label>Feeling terrible</label>
				<description>For no apparent reason, I just feel terrible right now.</description>
				<baseMoodEffect>-8</baseMoodEffect>
			</li>
		</stages>
	</ThoughtDef>

	<!-- Bipolar Random Mood Thoughts -->
	<ThoughtDef>
		<defName>FeelingRandomBipolar</defName>
		<workerClass>ThoughtWorker_RandomMood</workerClass>
		<validWhileDespawned>true</validWhileDespawned>
		<requiredTraits>
			<li>RCT_Bipolar</li>
		</requiredTraits>
		<stages>
			<li>
				<label>Feeling fantastic</label>
				<description>Life is wonderful! I feel fantastic!</description>
				<baseMoodEffect>32</baseMoodEffect>
			</li>
			<li>
				<label>Feeling great</label>
				<description>For no apparent reason, I just feel great right now.</description>
				<baseMoodEffect>16</baseMoodEffect>
			</li>
			<li>
				<label>Feeling terrible</label>
				<description>For no apparent reason, I just feel terrible right now.</description>
				<baseMoodEffect>-16</baseMoodEffect>
			</li>
			<li>
				<label>Depressed</label>
				<description>Life is hell. Everything is horrible. I just want it all to end.</description>
				<baseMoodEffect>-32</baseMoodEffect>
			</li>
		</stages>
	</ThoughtDef>

	<!-- Base In Darkness Thoughts -->
	<ThoughtDef>
		<defName>EnvironmentDark</defName>
		<workerClass>ThoughtWorker_Dark</workerClass>
		<nullifyingTraits>
			<li>RCT_Nyctophobe</li>
		</nullifyingTraits>
		<stages>
			<li>
				<label>in darkness</label>
				<description>I've been in the dark for a while. I don't like it.</description>
				<baseMoodEffect>-3</baseMoodEffect>
			</li>
		</stages>
	</ThoughtDef>
	
	<!-- Nyctophobe In Darkness Thoughts -->
	<ThoughtDef>
		<defName>EnvironmentDarkNyctophobe</defName>
		<workerClass>ThoughtWorker_Dark</workerClass>
		<requiredTraits>
			<li>RCT_Nyctophobe</li>
		</requiredTraits>
		<requiredTraitsDegree>-1</requiredTraitsDegree>
		<stages>
			<li>
				<label>in darkness</label>
				<description>I can't see anything! I don't like this at all. I... I think I saw something move....</description>
				<baseMoodEffect>-12</baseMoodEffect>
			</li>
		</stages>
	</ThoughtDef>

	<!-- Nycotophile In Darkness Thoughts -->  
	<ThoughtDef>
		<defName>EnvironmentDarkNyctophile</defName>
		<workerClass>ThoughtWorker_Dark</workerClass>
		<requiredTraits>
			<li>RCT_Nyctophobe</li>
		</requiredTraits>
		<requiredTraitsDegree>1</requiredTraitsDegree>
		<stages>
			<li>
				<label>in darkness</label>
				<description>Sure, it's a bit hard to see, but really, why does everyone else freak out so much in the dark? I think it's cool.</description>
				<baseMoodEffect>6</baseMoodEffect>
			</li>
		</stages>
	</ThoughtDef>

	<!-- Base NeedBeauty Thoughts -->
	<ThoughtDef>
		<defName>NeedBeauty</defName>
		<workerClass>ThoughtWorker_NeedBeauty</workerClass>
		<nullifyingTraits>
			<li>RCT_Aesthete</li>
		</nullifyingTraits>
		<stages>
			<li>
				<label>hideous environment</label>
				<description>This place is unbearable. Get me out of here....</description>
				<baseMoodEffect>-15</baseMoodEffect>
			</li>
			<li>
				<label>very ugly environment</label>
				<description>This place is really unpleasant. I don't want to be here.</description>
				<baseMoodEffect>-10</baseMoodEffect>
			</li>
			<li>
				<label>ugly environment</label>
				<description>This place is unpleasant to be in.</description>
				<baseMoodEffect>-5</baseMoodEffect>
			</li>
			<li>
				<label>pleasant environment</label>
				<description>This place is nice.</description>
				<baseMoodEffect>5</baseMoodEffect>
			</li>
			<li>
				<label>very pleasant environment</label>
				<description>I really like this place. It's beautiful.</description>
				<baseMoodEffect>10</baseMoodEffect>
			</li>
			<li>
				<label>beautiful environment</label>
				<description>This place is beautiful. It lifts me up and makes me love life.</description>
				<baseMoodEffect>15</baseMoodEffect>
			</li>
		</stages>
	</ThoughtDef>
	
	<!-- Aesthete NeedBeauty Thoughts -->
	<ThoughtDef>
		<defName>NeedBeautyAesthete</defName>
		<workerClass>ThoughtWorker_NeedBeauty</workerClass>
		<requiredTraits>
			<li>RCT_Aesthete</li>
		</requiredTraits>
		<stages>
			<li>
				<label>hideous environment</label>
				<description>This place is unbearable. Get me out of here....</description>
				<baseMoodEffect>-30</baseMoodEffect>
			</li>
			<li>
				<label>very ugly environment</label>
				<description>This place is really unpleasant. I don't want to be here.</description>
				<baseMoodEffect>-20</baseMoodEffect>
			</li>
			<li>
				<label>ugly environment</label>
				<description>This place is unpleasant to be in.</description>
				<baseMoodEffect>-10</baseMoodEffect>
			</li>
			<li>
				<label>pleasant environment</label>
				<description>This place is nice.</description>
				<baseMoodEffect>10</baseMoodEffect>
			</li>
			<li>
				<label>very pleasant environment</label>
				<description>I really like this place. It's beautiful.</description>
				<baseMoodEffect>20</baseMoodEffect>
			</li>
			<li>
				<label>beautiful environment</label>
				<description>This place is beautiful. It lifts me up and makes me love life.</description>
				<baseMoodEffect>30</baseMoodEffect>
			</li>
		</stages>
	</ThoughtDef>

	<!-- Disturbed Sleep Thoughts -->
	<ThoughtDef>
		<defName>SleepDisturbed</defName>
		<icon>Things/Mote/ThoughtSymbol/SleepZ</icon>
		<showBubble>true</showBubble>
		<durationDays>0.5</durationDays>
		<stackLimit>4</stackLimit>
		<stackedEffectMultiplier>0.4</stackedEffectMultiplier>
		<nullifyingTraits>
			<li>RCT_DeepSleeper</li>
		</nullifyingTraits>
		<stages>
			<li>
				<label>disturbed sleep</label>
				<description>I was disturbed during sleep by people moving around nearby. A private room would solve this.</description>
				<baseMoodEffect>-4</baseMoodEffect>
			</li>
		</stages>
	</ThoughtDef>

</Defs>
