﻿<?xml version="1.0" encoding="utf-8"?>

<Defs>

  <ThingDef ParentName="BuildingBase">
    <defName>Turret_M2HBs</defName> 
    <label>M2 HB Sentry gun</label>
    <thingClass>Building_TurretGun</thingClass>
    <graphicData>
      <texPath>Things/Defense/Gunquadpod</texPath> 
      <graphicClass>Graphic_Single</graphicClass>
      <drawSize>(2,2)</drawSize>
      <damageData>
        <rect>(0.2,0.2,0.6,0.6)</rect>
      </damageData>
    </graphicData>
    <uiIconPath>Things/Defense/MenuIcon_M2s</uiIconPath>
    <minifiedDef>MinifiedFurniture</minifiedDef>
    <altitudeLayer>Building</altitudeLayer> 
    <stealable>false</stealable>
    <rotatable>false</rotatable>
    <statBases>
      <MaxHitPoints>300</MaxHitPoints>
      <WorkToBuild>12500</WorkToBuild>
      <Flammability>0.1</Flammability>
      <Mass>42.7</Mass>
      <Beauty>-20</Beauty>
    </statBases>
    <tickerType>Normal</tickerType>
    <comps>
      <li Class="CompProperties_Explosive">
        <explosiveRadius>3.9</explosiveRadius>
        <explosiveDamageType>Bomb</explosiveDamageType>
        <chanceNeverExplodeFromDamage>0.5</chanceNeverExplodeFromDamage>
      </li>
      <li Class="CompProperties_Forbiddable"/>
      <li Class="CompProperties_Power">
        <compClass>CompPowerTrader</compClass>
        <basePowerConsumption>350</basePowerConsumption>
      </li>
      <li Class="CompProperties_Flickable"/>
      <li Class="CompProperties_Breakdownable"/>
    </comps>
    <description>
A M2 HB Sentry gun that automatically fires at nearby enemies.
Its AI brain isn't very smart, and can't be directly controlled, 
so beware of friendly fire. Explodes when damaged. 
    </description>
    <passability>PassThroughOnly</passability>
    <pathCost>50</pathCost>
    <fillPercent>0.4</fillPercent>
    <castEdgeShadows>true</castEdgeShadows>
    <hasTooltip>true</hasTooltip>
    <costList>
      <Steel>400</Steel> 
      <Component>8</Component>
    </costList>
    <terrainAffordanceNeeded>Light</terrainAffordanceNeeded>
    <designationCategory>Security</designationCategory>
    <specialDisplayRadius>30</specialDisplayRadius>
    <building>
      <ai_combatDangerous>true</ai_combatDangerous>
      <turretGunDef>Gun_M2HB</turretGunDef>
      <turretBurstCooldownTime>4.25</turretBurstCooldownTime>
      <turretTopGraphicPath>Things/Defense/Gun_m2</turretTopGraphicPath> 
    </building>
    <researchPrerequisites>
      <li>GunTurrets</li>
      <li>GasOperation</li>
    </researchPrerequisites>
  </ThingDef>

  <ThingDef ParentName="BaseBullet">
    <defName>Bullet_M2HB</defName>
    <label>.50 BMG bullet</label>
    <graphicData>
      <texPath>Things/Projectile/Bullet_Big</texPath>
      <graphicClass>Graphic_Single</graphicClass>
    </graphicData>
    <projectile>
      <damageDef>Bullet</damageDef>
      <damageAmountBase>20</damageAmountBase> 
      <speed>105</speed> 
    </projectile>
  </ThingDef>

  <ThingDef ParentName="BaseHumanGun"> 
    <defName>Gun_M2HBs</defName> 
    <label>M2 turret gun</label>
    <graphicData>
      <texPath>Things/Item/Equipment/WeaponRanged/LMG</texPath> 
      <graphicClass>Graphic_Single</graphicClass>
    </graphicData>
    <menuHidden>true</menuHidden>
    <description>Jury-rigged gun attached to a turret. If you find this...You must be Debugger, right?</description>
    <soundInteract>InteractRifle</soundInteract>
    <canBeSpawningInventory>false</canBeSpawningInventory>
    <tradeability>Never</tradeability>
    <destroyOnDrop>true</destroyOnDrop>
    <useHitPoints>false</useHitPoints>
    <statBases>
      <AccuracyTouch>0.80</AccuracyTouch>
      <AccuracyShort>0.50</AccuracyShort>
      <AccuracyMedium>0.37</AccuracyMedium>
      <AccuracyLong>0.11</AccuracyLong>
      <RangedWeapon_Cooldown>0.66</RangedWeapon_Cooldown>
      <DeteriorationRate>0</DeteriorationRate>
    </statBases>
    <weaponTags>
      <li>TurretGun</li>
    </weaponTags>
    <verbs>
      <li>
        <verbClass>Verb_Shoot</verbClass>
        <hasStandardCommand>true</hasStandardCommand>
        <defaultProjectile>Bullet_M2HB</defaultProjectile>
        <warmupTime>1.5</warmupTime>
        <range>42</range>
        <ticksBetweenBurstShots>12</ticksBetweenBurstShots>
        <burstShotCount>3</burstShotCount>
        <soundCast>ShotM2</soundCast>
        <soundCastTail>GunTail_Heavy</soundCastTail>
        <muzzleFlashScale>13</muzzleFlashScale> 
      </li>
    </verbs>
  </ThingDef>
  </Defs>