﻿<?xml version="1.0" encoding="utf-8"?>

<Defs>

  <ThingDef ParentName="BuildingBase">
    <defName>Turret_Mk19MGLs</defName> 
    <label>Mk.19 Sentry gun</label>
    <thingClass>Building_TurretGun</thingClass>
    <graphicData>
      <texPath>Things/Defense/Gunquadpod</texPath> 
      <graphicClass>Graphic_Single</graphicClass>
      <drawSize>(2,2)</drawSize>
      <damageData>
        <rect>(0.2,0.2,0.6,0.6)</rect>
      </damageData>
    </graphicData>
    <uiIconPath>Things/Defense/MenuIcon_Mk19MGLs</uiIconPath>
    <minifiedDef>MinifiedFurniture</minifiedDef>
    <altitudeLayer>Building</altitudeLayer> 
    <stealable>false</stealable>
    <rotatable>false</rotatable>
    <statBases>
      <MaxHitPoints>250</MaxHitPoints>
      <WorkToBuild>17500</WorkToBuild>
      <Flammability>0.25</Flammability>
      <Mass>41</Mass>
      <Beauty>-20</Beauty>
    </statBases>
    <tickerType>Normal</tickerType>
    <comps>
      <li Class="CompProperties_Explosive">
        <explosiveRadius>3.9</explosiveRadius>
        <explosiveDamageType>Bomb</explosiveDamageType>
        <chanceNeverExplodeFromDamage>0.5</chanceNeverExplodeFromDamage>
      </li>
      <li Class="CompProperties_Forbiddable"/>
      <li Class="CompProperties_Power">
        <compClass>CompPowerTrader</compClass>
        <basePowerConsumption>425</basePowerConsumption>
      </li>
      <li Class="CompProperties_Flickable"/>
      <li Class="CompProperties_Breakdownable"/>
    </comps>
    <description>
A Mk.19 Sentry gun that automatically fires at nearby enemies.
Its AI brain isn't very smart, and can't be directly controlled,
so beware of friendly fire. Explodes when damaged.
    </description>
    <passability>PassThroughOnly</passability>
    <pathCost>50</pathCost>
    <fillPercent>0.4</fillPercent>
    <castEdgeShadows>true</castEdgeShadows>
    <hasTooltip>true</hasTooltip>
    <costList>
      <Steel>550</Steel>
      <Component>10</Component>
      <Shell_HighExplosive>5</Shell_HighExplosive>
    </costList>
    <terrainAffordanceNeeded>Light</terrainAffordanceNeeded>
    <designationCategory>Security</designationCategory>
    <specialDisplayRadius>27</specialDisplayRadius>
    <building>
      <ai_combatDangerous>true</ai_combatDangerous>
      <turretGunDef>Gun_Mk19MGLs</turretGunDef>
      <turretBurstCooldownTime>6.05</turretBurstCooldownTime>
      <turretTopGraphicPath>Things/Defense/Gun_Mk19s</turretTopGraphicPath> 
    </building>
    <researchPrerequisites>
      <li>GunTurrets</li>
      <li>GasOperation</li>
      <li>Mortars</li>
    </researchPrerequisites>
  </ThingDef>

  <ThingDef ParentName="BaseBullet">
    <defName>Bullet_Mk19MGL</defName>
    <label>40x53mm Grenade</label>
    <graphicData>
      <texPath>Things/Projectile/Bullet_Big</texPath>
      <graphicClass>Graphic_Single</graphicClass>
    </graphicData>
    <thingClass>Projectile_Explosive</thingClass>
    <projectile>
      <damageDef>Bomb</damageDef>
      <damageAmountBase>30</damageAmountBase>
      <explosionRadius>1.9</explosionRadius>
      <speed>35</speed> 
    </projectile>
  </ThingDef>

  <ThingDef ParentName="BaseHumanGun"> 
    <defName>Gun_Mk19MGLs</defName> 
    <label>Mk. 19 turret gun</label>
    <graphicData>
      <texPath>Things/Item/Equipment/WeaponRanged/IncendiaryLauncher</texPath> 
      <graphicClass>Graphic_Single</graphicClass>
    </graphicData>
    <menuHidden>true</menuHidden>
    <description>Jury-rigged Launcher attached to a turret. If you find this...You must be Debugger, right?</description>
    <soundInteract>InteractRifle</soundInteract>
    <canBeSpawningInventory>false</canBeSpawningInventory>
    <tradeability>Never</tradeability>
    <destroyOnDrop>true</destroyOnDrop>
    <useHitPoints>false</useHitPoints>
    <statBases>
      <AccuracyTouch>0.66</AccuracyTouch>
      <AccuracyShort>0.40</AccuracyShort>
      <AccuracyMedium>0.17</AccuracyMedium>
      <AccuracyLong>0.03</AccuracyLong>
      <RangedWeapon_Cooldown>3.28</RangedWeapon_Cooldown>
      <DeteriorationRate>0</DeteriorationRate>
    </statBases>
    <weaponTags>
      <li>TurretGun</li>
    </weaponTags>
    <verbs>
      <li>
        <verbClass>Verb_Shoot</verbClass>
        <hasStandardCommand>true</hasStandardCommand>
        <defaultProjectile>Bullet_Mk19MGL</defaultProjectile>
        <warmupTime>3.2</warmupTime>
        <range>35</range>
        <minRange>5</minRange>
        <ticksBetweenBurstShots>25</ticksBetweenBurstShots>
        <burstShotCount>3</burstShotCount>
        <soundCast>InfernoCannon_Fire</soundCast>
        <soundCastTail>GunTail_Heavy</soundCastTail>
        <muzzleFlashScale>16</muzzleFlashScale> 
      </li>
    </verbs>
  </ThingDef>
  </Defs>