﻿<?xml version="1.0" encoding="utf-8" ?>
<Defs>

	<ThingDef Name="TE_ApparelBase" Abstract="True">
		<thingClass>Apparel</thingClass>
		<category>Item</category>
		<selectable>True</selectable>
		<pathCost>10</pathCost>
		<useHitPoints>True</useHitPoints>
		<techLevel>Neolithic</techLevel>
		<graphicData>
			<onGroundRandomRotateAngle>35</onGroundRandomRotateAngle>
		</graphicData>
		<drawGUIOverlay>true</drawGUIOverlay>
		<statBases>
			<MaxHitPoints>100</MaxHitPoints>
			<Flammability>1.0</Flammability>
			<DeteriorationRate>2</DeteriorationRate>
			<Beauty>-6</Beauty>
			<SellPriceFactor>0.50</SellPriceFactor>
		</statBases>
		<altitudeLayer>Item</altitudeLayer>
		<alwaysHaulable>True</alwaysHaulable>
		<tickerType>Never</tickerType>
		<comps>
			<li Class="CompProperties_Forbiddable"/>
			<li>
				<compClass>CompColorable</compClass>
			</li>
			<li>
				<compClass>CompQuality</compClass>
			</li>
		</comps>
	</ThingDef>

	<ThingDef Name="TE_ApparelMakeableBase" ParentName="TE_ApparelBase" Abstract="True">
		<recipeMaker>
			<workSpeedStat>TailoringSpeed</workSpeedStat>
			<workSkill>Crafting</workSkill>
			<effectWorking>Tailor</effectWorking>
			<soundWorking>Recipe_Tailor</soundWorking>
			<recipeUsers>
				<li>ElectricTailoringBench</li>
				<li>HandTailoringBench</li>
			</recipeUsers>
			<unfinishedThingDef>UnfinishedApparel</unfinishedThingDef>
		</recipeMaker>
	</ThingDef>
  
	<ThingDef Name="TE_HatBase" ParentName="TE_ApparelBase" Abstract="True">
		<thingCategories>
			<li>Headgear</li>
		</thingCategories>
	</ThingDef>

	<ThingDef Name="TE_HatMakeableBase" ParentName="TE_ApparelMakeableBase" Abstract="True">
		<thingCategories>
			<li>Headgear</li>
		</thingCategories>
	</ThingDef>
  
	<ThingDef ParentName="TE_ApparelMakeableBase">
		<defName>WovenCloak</defName>
		<description>A woven cloak made of dried grass or strips of softened tree bark to keep the sun and rain off.</description>
		<label>woven cloak</label>
		<recipeMaker>
			<researchPrerequisite>TribalEssentials</researchPrerequisite>
			<recipeUsers>
				<li>ElectricTailoringBench</li>
				<li>HandTailoringBench</li>
				<li>TailoringSpot</li>
			</recipeUsers>
		</recipeMaker>
		<graphicData>
			<texPath>Things/Pawn/Humanlike/Apparel/WovenCloak/WovenCloak</texPath>
			<graphicClass>Graphic_Single</graphicClass>
		</graphicData>
		<techLevel>Neolithic</techLevel>
		<costStuffCount>35</costStuffCount>
		<stuffCategories>
			<li>Woody</li>
			<li>Grassy</li>
		</stuffCategories>
		<thingCategories>
			<li>Apparel</li>
		</thingCategories>
		<tradeability>Sellable</tradeability>
		<statBases>
			<MaxHitPoints>100</MaxHitPoints>
			<WorkToMake>20000</WorkToMake>
			<Mass>2.0</Mass>
			<ArmorRating_Blunt>0.03</ArmorRating_Blunt>
			<ArmorRating_Sharp>0.03</ArmorRating_Sharp>
			<ArmorRating_Heat>0.03</ArmorRating_Heat>
			<Insulation_Cold>-8</Insulation_Cold>
			<Insulation_Heat>10</Insulation_Heat>
		</statBases>
		<equippedStatOffsets>
			<MoveSpeed>-0.04</MoveSpeed>
		</equippedStatOffsets>
		<apparel>
			<bodyPartGroups>
				<li>Torso</li>
				<li>Shoulders</li>
				<li>Arms</li>
				<li>Legs</li>
			</bodyPartGroups>
			<wornGraphicPath>Things/Pawn/Humanlike/Apparel/WovenCloak/WovenCloak</wornGraphicPath>
			<layers>
				<li>Shell</li>
			</layers>
			<tags>
				<li>Tribal</li>
			</tags>
			<defaultOutfitTags>
				<li>Worker</li>
			</defaultOutfitTags>
		</apparel>
	</ThingDef>

	<ThingDef ParentName="TE_HatMakeableBase">
		<defName>WovenHat</defName>
		<label>woven hat</label>
		<description>A woven hat made of dried grass or strips of softened tree bark to keep the sun and rain off.</description>
		<recipeMaker>
			<researchPrerequisite>TribalEssentials</researchPrerequisite>
			<recipeUsers>
				<li>ElectricTailoringBench</li>
				<li>HandTailoringBench</li>
				<li>TailoringSpot</li>
			</recipeUsers>
		</recipeMaker>
		<graphicData>
			<texPath>Things/Pawn/Humanlike/Apparel/WovenHat/WovenHat</texPath>
			<graphicClass>Graphic_Single</graphicClass>
		</graphicData>
		<techLevel>Neolithic</techLevel>
		<costStuffCount>15</costStuffCount>
		<stuffCategories>
			<li>Woody</li>
			<li>Grassy</li>
		</stuffCategories>
		<tradeability>Sellable</tradeability>
		<statBases>
			<WorkToMake>8000</WorkToMake>
			<Mass>0.10</Mass>
			<ArmorRating_Blunt>0.03</ArmorRating_Blunt>
			<ArmorRating_Sharp>0.03</ArmorRating_Sharp>
			<Insulation_Cold>-3</Insulation_Cold>
			<Insulation_Heat>8</Insulation_Heat>
		</statBases>
		<apparel>
			<bodyPartGroups>
				<li>UpperHead</li>
			</bodyPartGroups>
			<wornGraphicPath>Things/Pawn/Humanlike/Apparel/WovenHat/WovenHat</wornGraphicPath>
			<layers>
				<li>Overhead</li>
			</layers>
			<tags>
				<li>Tribal</li>
			</tags>
			<defaultOutfitTags>
				<li>Worker</li>
			</defaultOutfitTags>
		</apparel>
	</ThingDef>
  
	<ThingDef ParentName="TE_HatMakeableBase">
		<defName>MuffaloHeaddress</defName>
		<label>muffalo headdress</label>
		<description>Worthy of any tribal chief or muffalo shaman, this headdress gives prestige to its wearer, improving social impact.</description>
		<recipeMaker>
			<researchPrerequisite>TribalEssentials</researchPrerequisite>
			<recipeUsers>
				<li>ElectricTailoringBench</li>
				<li>HandTailoringBench</li>
				<li>TailoringSpot</li>
			</recipeUsers>
		</recipeMaker>
		<graphicData>
			<texPath>Things/Pawn/Humanlike/Apparel/MuffaloHeaddress/MuffaloHeaddress</texPath>
			<graphicClass>Graphic_Single</graphicClass>
		</graphicData>
		<techLevel>Neolithic</techLevel>
		<costStuffCount>35</costStuffCount>
		<stuffCategories>
			<li>Leathery</li>
		</stuffCategories>
		<statBases>
			<WorkToMake>10000</WorkToMake>
			<Mass>0.10</Mass>
			<ArmorRating_Blunt>0.03</ArmorRating_Blunt>
			<ArmorRating_Sharp>0.03</ArmorRating_Sharp>
			<Insulation_Cold>-5</Insulation_Cold>
			<Insulation_Heat>4</Insulation_Heat>
		</statBases>
		<equippedStatOffsets>
			<SocialImpact>0.15</SocialImpact>
		</equippedStatOffsets>
		<apparel>
			<bodyPartGroups>
				<li>UpperHead</li>
			</bodyPartGroups>
			<wornGraphicPath>Things/Pawn/Humanlike/Apparel/MuffaloHeaddress/MuffaloHeaddress</wornGraphicPath>
			<layers>
				<li>Overhead</li>
			</layers>
			<tags>
				<li>Tribal</li>
			</tags>
			<defaultOutfitTags>
				<li>Worker</li>
			</defaultOutfitTags>
		</apparel>
	</ThingDef>

	<ThingDef Name="TE_ArmorMakeableBase" ParentName="TE_ApparelBase" Abstract="True">
		<recipeMaker>
			<workSpeedStat>SmithingSpeed</workSpeedStat>
			<workSkill>Crafting</workSkill>
			<effectWorking>Smith</effectWorking>
			<soundWorking>Recipe_Machining</soundWorking>
			<recipeUsers>
				<li>TableMachining</li>
			</recipeUsers>
			<unfinishedThingDef>UnfinishedApparel</unfinishedThingDef>
		</recipeMaker>
	</ThingDef>
  
	<ThingDef Name="TE_ArmorHelmetMakeableBase" ParentName="TE_ArmorMakeableBase" Abstract="True">
		<thingCategories>
			<li>Headgear</li>
		</thingCategories>
	</ThingDef>
  
	<ThingDef ParentName="TE_ArmorMakeableBase">
		<defName>Apparel_TribalArmor</defName>
		<label>tribal armor</label>
		<description>A tough hide coat reinforced with wood slat armor.</description>
		<techLevel>Neolithic</techLevel>
		<tradeability>Sellable</tradeability>
		<recipeMaker>
			<researchPrerequisite>TribalWarfare</researchPrerequisite>
			<unfinishedThingDef>UnfinishedApparel</unfinishedThingDef>
			<soundWorking>Recipe_Smelt</soundWorking>
			<recipeUsers>
				<li>TailoringSpot</li>
				<li>HandTailoringBench</li>
				<li>ElectricTailoringBench</li>
			</recipeUsers>
		</recipeMaker>
		<graphicData>
			<texPath>Things/Pawn/Humanlike/Apparel/TribalArmor/TribalArmor</texPath>
			<graphicClass>Graphic_Single</graphicClass>
		</graphicData>
		<statBases>
			<WorkToMake>40000</WorkToMake>
			<MaxHitPoints>200</MaxHitPoints>
			<Mass>8</Mass>
			<ArmorRating_Blunt>0.15</ArmorRating_Blunt>
			<ArmorRating_Sharp>0.35</ArmorRating_Sharp>
			<ArmorRating_Heat>0.15</ArmorRating_Heat>
			<Insulation_Cold>-15</Insulation_Cold>
		</statBases>
		<thingCategories>
			<li>Apparel</li>
		</thingCategories>
		<equippedStatOffsets>
			<MoveSpeed>-0.08</MoveSpeed>
			<WorkSpeedGlobal>-0.08</WorkSpeedGlobal>
		</equippedStatOffsets>
		<costStuffCount>80</costStuffCount>
		<stuffCategories>
			<li>Leathery</li>
		</stuffCategories>
		<costList>
			<WoodLog>70</WoodLog>
		</costList>
		<apparel>
			<bodyPartGroups>
				<li>Torso</li>
				<li>Shoulders</li>
				<li>Neck</li>
				<li>Arms</li>
				<li>Legs</li>
			</bodyPartGroups>
			<wornGraphicPath>Things/Pawn/Humanlike/Apparel/TribalArmor/TribalArmor</wornGraphicPath>
			<layers>
				<li>Shell</li>
			</layers>
			<tags>
				<li>Tribal</li>
			</tags>
			<defaultOutfitTags>
				<li>Soldier</li>
			</defaultOutfitTags> 
		</apparel>
	</ThingDef>

	<ThingDef ParentName="TE_ArmorHelmetMakeableBase">
		<defName>Apparel_TribalHelmet</defName>
		<label>tribal helmet</label>
		<description>A simple wooden helmet with a wooden face visor.</description>
		<techLevel>Neolithic</techLevel>
		<tradeability>Sellable</tradeability>
		<recipeMaker>
			<researchPrerequisite>TribalWarfare</researchPrerequisite>
			<unfinishedThingDef>UnfinishedSculpture</unfinishedThingDef>
			<soundWorking>Recipe_Smelt</soundWorking>
			<recipeUsers>
				<li>TailoringSpot</li>
				<li>HandTailoringBench</li>
				<li>ElectricTailoringBench</li>
			</recipeUsers>
		</recipeMaker>
		<graphicData>
			<texPath>Things/Pawn/Humanlike/Apparel/TribalHelmet/TribalHelmet</texPath>
			<graphicClass>Graphic_Single</graphicClass>
		</graphicData>
		<stuffCategories>
			<li>Woody</li>
		</stuffCategories>
		<costStuffCount>70</costStuffCount>
		<statBases>
			<WorkToMake>10000</WorkToMake>
			<MaxHitPoints>100</MaxHitPoints>
			<Mass>2</Mass>
			<ArmorRating_Blunt>0.08</ArmorRating_Blunt>
			<ArmorRating_Sharp>0.20</ArmorRating_Sharp>
			<ArmorRating_Heat>0.08</ArmorRating_Heat>
			<Insulation_Cold>-3</Insulation_Cold>
			<Insulation_Heat>3</Insulation_Heat>
		</statBases>
		<equippedStatOffsets>
			<MoveSpeed>-0.03</MoveSpeed>
		</equippedStatOffsets>
		<apparel>
			<bodyPartGroups>
				<li>FullHead</li>
			</bodyPartGroups>
			<wornGraphicPath>Things/Pawn/Humanlike/Apparel/TribalHelmet/TribalHelmet</wornGraphicPath>
			<layers>
				<li>Overhead</li>
			</layers>
			<tags>
				<li>Tribal</li>
			</tags>
			<defaultOutfitTags>
				<li>Soldier</li>
			</defaultOutfitTags>
		</apparel>
	</ThingDef>

</Defs>
