﻿<?xml version="1.0" encoding="utf-8" ?>
<Defs>

	<ThingDef Name="TE_BuildingBase" Abstract="True">
		<category>Building</category>
		<thingClass>Building</thingClass>
		<soundImpactDefault>BulletImpactMetal</soundImpactDefault>
		<selectable>true</selectable>
		<drawerType>MapMeshAndRealTime</drawerType>
		<terrainAffordanceNeeded>Light</terrainAffordanceNeeded>
		<repairEffect>Repair</repairEffect>
		<leaveResourcesWhenKilled>true</leaveResourcesWhenKilled>
		<filthLeaving>BuildingRubble</filthLeaving>
		<statBases>
			<SellPriceFactor>0.50</SellPriceFactor>
		</statBases>
	</ThingDef>

	<ThingDef Name="TE_FurnitureBase" ParentName="TE_BuildingBase" Abstract="True">
		<comps>
			<li>
				<compClass>CompQuality</compClass>
			</li>
		</comps>
		<designationCategory>Furniture</designationCategory>
		<minifiedDef>MinifiedFurniture</minifiedDef>
		<tradeTags>
			<li>Furniture</li>
		</tradeTags>
	</ThingDef>
  
	<ThingDef ParentName="TE_BuildingBase">
		<defName>Smokepit</defName>
		<label>smokepit</label>
		<thingClass>Building_WorkTable</thingClass>
		<description>Dries and smokes meats. Burns out after a few days. Refuelable. Does not produce much heat.</description>    
		<category>Building</category>
		<graphicData>
			<texPath>Things/Building/Misc/Campfire</texPath>
			<graphicClass>Graphic_Single</graphicClass>
			<drawRotated>false</drawRotated>
			<allowFlip>false</allowFlip>
			<damageData>
				<rect>(0.2,0,0.6,0.1)</rect>
			</damageData>
		</graphicData>
		<altitudeLayer>Building</altitudeLayer>
		<passability>PassThroughOnly</passability>
		<pathCost>50</pathCost>
		<constructEffect>ConstructDirt</constructEffect>
		<tickerType>Normal</tickerType>
		<drawerType>RealtimeOnly</drawerType>
		<fillPercent>0.25</fillPercent>
		<statBases>
			<MaxHitPoints>40</MaxHitPoints>
			<WorkToBuild>100</WorkToBuild>
			<Flammability>0</Flammability>
		</statBases>
		<selectable>true</selectable>
		<costList>
			<WoodLog>10</WoodLog>
		</costList>
		<soundImpactDefault>BulletImpactGround</soundImpactDefault>
		<leaveResourcesWhenKilled>false</leaveResourcesWhenKilled>
		<resourcesFractionWhenDeconstructed>0</resourcesFractionWhenDeconstructed>
		<placeWorkers>
			<li>PlaceWorker_Heater</li>
		</placeWorkers>
		<drawPlaceWorkersWhileSelected>true</drawPlaceWorkersWhileSelected>
		<comps>
			<li Class="CompProperties_Refuelable">
				<fuelConsumptionRate>2.0</fuelConsumptionRate>
				<fuelCapacity>10.0</fuelCapacity>
				<fuelConsumptionPerTickInRain>0.006</fuelConsumptionPerTickInRain>
				<fuelFilter>
					<thingDefs>
						<li>WoodLog</li>
					</thingDefs>
				</fuelFilter>
				<destroyOnNoFuel>false</destroyOnNoFuel>
			</li>
			<li Class="CompProperties_HeatPusher">
				<heatPerSecond>5</heatPerSecond>
				<heatPushMaxTemperature>5</heatPushMaxTemperature>
			</li>
			<li Class="CompProperties_FireOverlay">
				<fireSize>0.25</fireSize>
			</li>
		</comps>
		<designationCategory>Production</designationCategory>
		<hasInteractionCell>True</hasInteractionCell>
		<interactionCellOffset>(0,0,-1)</interactionCellOffset>
		<recipes>
			<li>Tam_SmokeMeat10</li>
			<li>Tam_SmokeMeat40</li>
		</recipes>
		<inspectorTabs>
			<li>ITab_Bills</li>
		</inspectorTabs>
		<building>
			<isMealSource>true</isMealSource>
			<spawnedConceptLearnOpportunity>BillsTab</spawnedConceptLearnOpportunity>
		</building>
		<researchPrerequisites>
			<li>TribalEssentials</li>
		</researchPrerequisites>
	</ThingDef>
  
	<ThingDef ParentName="TE_BuildingBase">
		<defName>DoubleSleepingSpot</defName>
		<label>double sleeping spot</label>
		<description>Designates a double-wide sleeping spot. Not comfortable.</description>
		<thingClass>Building_Bed</thingClass>
		<graphicData>
			<texPath>Things/Building/Furniture/Bed/SleepSpot</texPath>
			<graphicClass>Graphic_Multi</graphicClass>
			<drawSize>(5,4)</drawSize>
		</graphicData>
		<altitudeLayer>FloorEmplacement</altitudeLayer>
		<statBases>
			<WorkToBuild>0</WorkToBuild>
			<Comfort>0.4</Comfort>
		</statBases>
		<scatterableOnMapGen>false</scatterableOnMapGen>
		<useHitPoints>False</useHitPoints>
		<size>(2,2)</size>
		<designationCategory>Furniture</designationCategory>
		<passability>Standable</passability>
		<drawGUIOverlay>True</drawGUIOverlay>
		<building>
			<bed_showSleeperBody>True</bed_showSleeperBody>
			<sowTag>SupportPlantsOnly</sowTag>
			<canPlaceOverImpassablePlant>false</canPlaceOverImpassablePlant>
		</building>
		<comps>
			<li Class="CompProperties_RoomIdentifier">
				<roomStat>Impressiveness</roomStat>
			</li>
		</comps>
	</ThingDef>

	<ThingDef Name="WallLog" ParentName="TE_BuildingBase" >
		<defName>WallLog</defName>
		<label>log wall</label>
		<thingClass>Building</thingClass>
		<category>Building</category>
		<description>A wall made of logs stacked together. Strong and very fast to build, but flammable.</description>
		<graphicData>
			<texPath>Things/Building/Linked/WallLog/Wall_Atlas_Logs</texPath>
			<graphicClass>Graphic_Single</graphicClass>
			<linkType>CornerFiller</linkType>
			<linkFlags>
				<li>Wall</li>
				<li>Rock</li>
			</linkFlags>
			<damageData>
				<cornerTL>Damage/Corner</cornerTL>
				<cornerTR>Damage/Corner</cornerTR>
				<cornerBL>Damage/Corner</cornerBL>
				<cornerBR>Damage/Corner</cornerBR>
				<edgeTop>Damage/Edge</edgeTop>
				<edgeBot>Damage/Edge</edgeBot>
				<edgeLeft>Damage/Edge</edgeLeft>
				<edgeRight>Damage/Edge</edgeRight>
			</damageData>
		</graphicData>
		<blueprintGraphicData>
			<texPath>Things/Building/Linked/Wall_Blueprint_Atlas</texPath>
		</blueprintGraphicData>
		<uiIconPath>Things/Building/Linked/WallLog/Wall_MenuIcon</uiIconPath>
		<statBases>
			<MaxHitPoints>350</MaxHitPoints>
			<WorkToBuild>150</WorkToBuild>
			<Flammability>1.0</Flammability>
		</statBases>
		<costStuffCount>5</costStuffCount>
		<leaveResourcesWhenKilled>false</leaveResourcesWhenKilled>
		<altitudeLayer>Building</altitudeLayer>
		<passability>Impassable</passability>
		<blockWind>true</blockWind>
		<castEdgeShadows>true</castEdgeShadows>
		<fillPercent>1</fillPercent>
		<coversFloor>true</coversFloor>
		<placingDraggableDimensions>1</placingDraggableDimensions>
		<tickerType>Never</tickerType>
		<rotatable>false</rotatable>
		<selectable>true</selectable>
		<neverMultiSelect>true</neverMultiSelect>
		<terrainAffordanceNeeded>Heavy</terrainAffordanceNeeded>
		<holdsRoof>true</holdsRoof>
		<designationCategory>Structure</designationCategory>
		<staticSunShadowHeight>1.0</staticSunShadowHeight>
		<blockLight>true</blockLight>
		<canOverlapZones>false</canOverlapZones>
		<stuffCategories>
			<li>Woody</li>
		</stuffCategories>
		<building>
			<isInert>true</isInert>
		</building>
		<damageMultipliers>
			<li>
				<damageDef>Bomb</damageDef>
				<multiplier>2</multiplier>
			</li>
		</damageMultipliers>
	</ThingDef>

	<ThingDef ParentName="TE_BuildingBase">
		<defName>EarthenMounds</defName>
		<label>earthen mounds</label>
		<thingClass>Building</thingClass>
		<category>Building</category>
		<graphicData>
			<texPath>Things/Building/Linked/EarthenMound/EarthenMound_Atlas</texPath>
			<graphicClass>Graphic_Single</graphicClass>
			<linkType>Basic</linkType>
			<linkFlags>
				<li>Sandbags</li>
			</linkFlags>
		</graphicData>
		<blueprintGraphicData>
			<texPath>Things/Building/Linked/Sandbags_Blueprint_Atlas</texPath>
		</blueprintGraphicData>
		<uiIconPath>Things/Building/Linked/EarthenMound/EarthenMound_MenuIcon</uiIconPath>
		<altitudeLayer>Building</altitudeLayer>
		<pathCost>40</pathCost>
		<pathCostIgnoreRepeat>true</pathCostIgnoreRepeat>
		<passability>PassThroughOnly</passability>
		<castEdgeShadows>false</castEdgeShadows>
		<fillPercent>0.5</fillPercent>
		<canOverlapZones>false</canOverlapZones>
		<statBases>
			<MaxHitPoints>450</MaxHitPoints>
			<Beauty>-10</Beauty>
			<WorkToBuild>360</WorkToBuild>
			<Flammability>0</Flammability>
		</statBases>
		<building>
			<ai_chillDestination>false</ai_chillDestination>
			<isInert>true</isInert>
		</building>
		<description>Cover from gunfire.</description>
		<placingDraggableDimensions>1</placingDraggableDimensions>
		<filthLeaving>RockRubble</filthLeaving>
		<rotatable>false</rotatable>
		<selectable>true</selectable>
		<neverMultiSelect>true</neverMultiSelect>
		<terrainAffordanceNeeded>Diggable</terrainAffordanceNeeded>
		<designationCategory>Security</designationCategory>
		<staticSunShadowHeight>0</staticSunShadowHeight>
		<constructEffect>ConstructDirt</constructEffect>
		<repairEffect>ConstructDirt</repairEffect>
		<designationHotKey>Misc1</designationHotKey>
		<researchPrerequisites>
			<li>TribalEssentials</li>
		</researchPrerequisites>
	</ThingDef>

	<ThingDef ParentName="TE_BuildingBase">
		<defName>PitfallTrap</defName>
		<label>pitfall trap</label>
		<thingClass>Building_TrapRearmable</thingClass>
		<graphicData>
			<texPath>Things/Building/SpikePit/SpikePitArmed</texPath>
			<graphicClass>Graphic_Single</graphicClass>
			<damageData>
				<rect>(0,0,1,0.15)</rect>
			</damageData>
		</graphicData>
		<altitudeLayer>Building</altitudeLayer>
		<drawerType>RealtimeOnly</drawerType>
		<rotatable>false</rotatable>
		<tickerType>Normal</tickerType>
		<stealable>false</stealable>
		<statBases>
			<MaxHitPoints>60</MaxHitPoints>
			<WorkToBuild>4000</WorkToBuild>
			<Beauty>-6</Beauty>
			<TrapMeleeDamage>90</TrapMeleeDamage>
			<TrapSpringChance>0.9</TrapSpringChance>
		</statBases>
		<description>A pit dug in the ground full of spikes with fake ground cover. When the victim steps on the fake cover, the victim falls into the pit and is impaled by spikes.</description>
		<stuffCategories>
			<li>Metallic</li>
			<li>Woody</li>
			<li>Stony</li>
		</stuffCategories>
		<costStuffCount>70</costStuffCount>
		<designationCategory>Security</designationCategory>
		<building>
			<isTrap>true</isTrap>
			<trapDamageCategory>Sharp</trapDamageCategory>
			<trapUnarmedGraphicData>
				<texPath>Things/Building/SpikePit/SpikePitUnarmed</texPath>
				<graphicClass>Graphic_Single</graphicClass>
				<shaderType>Cutout</shaderType>
			</trapUnarmedGraphicData>
		</building>
		<terrainAffordanceNeeded>Diggable</terrainAffordanceNeeded>
		<researchPrerequisites>
			<li>BasicTraps</li>
		</researchPrerequisites>
	</ThingDef>

	<ThingDef ParentName="TE_FurnitureBase">
		<defName>StorageBox</defName>
		<label>storage box</label>
		<thingClass>Building_Storage</thingClass>
		<graphicData>
			<texPath>Things/Building/Furniture/StorageBox</texPath>
			<graphicClass>Graphic_Multi</graphicClass>
			<drawSize>(3,2)</drawSize>
		</graphicData>
		<altitudeLayer>Building</altitudeLayer>
		<passability>PassThroughOnly</passability>
		<fillPercent>0.4</fillPercent>
		<castEdgeShadows>true</castEdgeShadows>
		<stuffCategories>
			<li>Metallic</li>
			<li>Woody</li>
			<li>Stony</li>
		</stuffCategories>
		<costStuffCount>30</costStuffCount>
		<statBases>
			<MaxHitPoints>100</MaxHitPoints>
			<Mass>8</Mass>
			<WorkToBuild>1050</WorkToBuild>
			<Flammability>1.0</Flammability>
		</statBases>
		<description>More piece of art than utility item, this storage box will hide away all ugly items and protect them from the elements if stored outside.</description>
		<size>(2,1)</size>
		<building>
			<preventDeteriorationOnTop>true</preventDeteriorationOnTop>
			<ignoreStoredThingsBeauty>true</ignoreStoredThingsBeauty>
			<defaultStorageSettings>
				<priority>Important</priority>
				<filter>
					<categories>
						<li>Weapons</li>
					</categories>
				</filter>
			</defaultStorageSettings>
		</building>
		<inspectorTabs>
			<li>ITab_Storage</li>
		</inspectorTabs>
		<designationHotKey>Misc12</designationHotKey>
		<staticSunShadowHeight>0.5</staticSunShadowHeight>
		<surfaceType>Item</surfaceType>
		<canOverlapZones>false</canOverlapZones>
		<researchPrerequisites>
			<li>TribalEssentials</li>
		</researchPrerequisites>
	</ThingDef>

	<ThingDef ParentName="TE_BuildingBase" Name="TE_TotemBase" Abstract="True">
		<thingClass>Building_Art</thingClass>
		<altitudeLayer>Building</altitudeLayer>
		<passability>PassThroughOnly</passability>
		<pathCost>70</pathCost>
		<castEdgeShadows>true</castEdgeShadows>
		<useHitPoints>true</useHitPoints>
		<statBases>
			<Flammability>1.0</Flammability>
		</statBases>
		<comps>
			<li>
				<compClass>CompQuality</compClass>
			</li>
			<li Class="CompProperties_Art">
				<nameMaker>ArtName_Sculpture</nameMaker>
				<descriptionMaker>ArtDescription_Sculpture</descriptionMaker>
			</li>
		</comps>
		<inspectorTabs>
			<li>ITab_Art</li>
		</inspectorTabs>
		<recipeMaker>
			<workSpeedStat>SculptingSpeed</workSpeedStat>
			<workSkill>Artistic</workSkill>
			<unfinishedThingDef>UnfinishedSculpture</unfinishedThingDef>
			<effectWorking>Sculpt</effectWorking>
			<soundWorking>Recipe_Sculpt</soundWorking>
			<researchPrerequisite>TribalEssentials</researchPrerequisite>
			<recipeUsers>
				<li>TableSculpting</li>
				<li>ArtSpot</li>
			</recipeUsers>
			<defaultIngredientFilter>
				<categories>
					<li>Root</li>
				</categories>
				<exceptedThingDefs>
					<li>Gold</li>
					<li>Silver</li>
					<li>Plasteel</li>
					<li>Jade</li>
					<li>Uranium</li>
				</exceptedThingDefs>
			</defaultIngredientFilter>
		</recipeMaker>
	</ThingDef>

	<ThingDef ParentName="TE_BuildingBase" Name="TE_WeavingBase" Abstract="True">
		<thingClass>Building_Art</thingClass>
		<altitudeLayer>FloorEmplacement</altitudeLayer>
		<passability>Standable</passability>
		<pathCost>0</pathCost>
		<castEdgeShadows>false</castEdgeShadows>
		<useHitPoints>true</useHitPoints>
		<statBases>
			<Flammability>1.0</Flammability>
		</statBases>
		<comps>
			<li>
				<compClass>CompQuality</compClass>
			</li>
			<li Class="CompProperties_Art">
				<nameMaker>ArtName_Sculpture</nameMaker>
				<descriptionMaker>ArtDescription_Sculpture</descriptionMaker>
			</li>
		</comps>
		<inspectorTabs>
			<li>ITab_Art</li>
		</inspectorTabs>
		<recipeMaker>
			<workSpeedStat>SculptingSpeed</workSpeedStat>
			<workSkill>Artistic</workSkill>
			<unfinishedThingDef>UnfinishedApparel</unfinishedThingDef>
			<effectWorking>Tailor</effectWorking>
			<soundWorking>Recipe_Tailor</soundWorking>
			<researchPrerequisite>TribalEssentials</researchPrerequisite>
			<recipeUsers>
				<li>TableSculpting</li>
				<li>ArtSpot</li>
			</recipeUsers>
		</recipeMaker>
	</ThingDef>
  
	<ThingDef ParentName="TE_BuildingBase" Name="TE_PotteryBase" Abstract="True">
		<thingClass>Building_Art</thingClass>
		<altitudeLayer>Building</altitudeLayer>
		<passability>PassThroughOnly</passability>
		<pathCost>70</pathCost>
		<castEdgeShadows>true</castEdgeShadows>
		<useHitPoints>true</useHitPoints>
		<statBases>
			<Flammability>1.0</Flammability>
		</statBases>
		<comps>
			<li>
				<compClass>CompQuality</compClass>
			</li>
			<li Class="CompProperties_Art">
				<nameMaker>ArtName_Sculpture</nameMaker>
				<descriptionMaker>ArtDescription_Sculpture</descriptionMaker>
			</li>
		</comps>
		<inspectorTabs>
			<li>ITab_Art</li>
		</inspectorTabs>
		<recipeMaker>
			<workSpeedStat>SculptingSpeed</workSpeedStat>
			<workSkill>Artistic</workSkill>
			<unfinishedThingDef>UnfinishedSculpture</unfinishedThingDef>
			<effectWorking>Sculpt</effectWorking>
			<soundWorking>Recipe_Sculpt</soundWorking>
			<researchPrerequisite>TribalEssentials</researchPrerequisite>
			<recipeUsers>
				<li>TableSculpting</li>
				<li>ArtSpot</li>
			</recipeUsers>
		</recipeMaker>
	</ThingDef>
  
	<ThingDef ParentName="TE_TotemBase">
		<defName>TotemSmall</defName>
		<label>small totem</label>
		<description>A small torso-sized tribal totem.</description>
		<graphicData>
			<graphicClass>Graphic_Random</graphicClass>
			<texPath>Things/Building/Art/TotemSmall</texPath>
		</graphicData>
		<minifiedDef>MinifiedSculpture</minifiedDef>
		<fillPercent>0.35</fillPercent>
		<rotatable>false</rotatable>
		<statBases>
			<MaxHitPoints>90</MaxHitPoints>
			<Mass>20</Mass>
			<Beauty>40</Beauty>
			<WorkToMake>20000</WorkToMake>
		</statBases>
		<stuffCategories>
			<li>Metallic</li>
			<li>Woody</li>
			<li>Stony</li>
		</stuffCategories>
		<costStuffCount>80</costStuffCount>
	</ThingDef>

	<ThingDef ParentName="TE_TotemBase">
		<defName>TotemLarge</defName>
		<label>large totem</label>
		<description>A large person-sized tribal totem.</description>
		<graphicData>
			<graphicClass>Graphic_Random</graphicClass>
			<texPath>Things/Building/Art/TotemLarge</texPath>
			<drawSize>(3,3)</drawSize>
		</graphicData>
		<minifiedDef>MinifiedSculpture</minifiedDef>
		<fillPercent>0.5</fillPercent>
		<rotatable>false</rotatable>
		<statBases>
			<MaxHitPoints>150</MaxHitPoints>
			<Mass>90</Mass>
			<Beauty>80</Beauty>
			<WorkToMake>35000</WorkToMake>
		</statBases>
		<stuffCategories>
			<li>Metallic</li>
			<li>Woody</li>
			<li>Stony</li>
		</stuffCategories>
		<costStuffCount>145</costStuffCount>
	</ThingDef>
  
	<ThingDef ParentName="TE_WeavingBase">
		<defName>SmallRug</defName>
		<label>small rug</label>
		<description>A small rug for the floor.</description>
		<graphicData>
			<graphicClass>Graphic_Single</graphicClass>
			<texPath>Things/Building/Art/SmallRug</texPath>
			<drawSize>(2.1)</drawSize>
			<damageData>
				<rect>(0.2,0.2,0.6,0.6)</rect>
			</damageData>
		</graphicData>
		<minifiedDef>MinifiedFurniture</minifiedDef>
		<rotatable>true</rotatable>
		<building>    
			<isEdifice>false</isEdifice>
		</building>
		<statBases>
			<MaxHitPoints>100</MaxHitPoints>
			<Mass>5</Mass>
			<Beauty>30</Beauty>
			<WorkToMake>15000</WorkToMake>
			<Cleanliness>0.6</Cleanliness>
		</statBases>
		<size>(1,2)</size>
		<stuffCategories>
			<li>Fabric</li>
		</stuffCategories>
		<costStuffCount>25</costStuffCount>		
	</ThingDef>

	<ThingDef ParentName="TE_WeavingBase">
		<defName>LargeRug</defName>
		<label>large rug</label>
		<description>A large rug for the floor.</description>
		<graphicData>
			<graphicClass>Graphic_Single</graphicClass>
			<texPath>Things/Building/Art/LargeRug</texPath>
			<drawSize>(2.3)</drawSize>
			<damageData>
				<rect>(0.2,0.2,0.6,0.6)</rect>
			</damageData>
		</graphicData>
		<minifiedDef>MinifiedFurniture</minifiedDef>
		<rotatable>true</rotatable>
		<building>    
			<isEdifice>false</isEdifice>
		</building>
		<statBases>
			<MaxHitPoints>100</MaxHitPoints>
			<Mass>10</Mass>
			<Beauty>50</Beauty>
			<WorkToMake>25000</WorkToMake>
			<Cleanliness>0.6</Cleanliness>
		</statBases>
		<size>(2,3)</size>
		<stuffCategories>
			<li>Fabric</li>
		</stuffCategories>
		<costStuffCount>45</costStuffCount>
	</ThingDef>

	<ThingDef ParentName="TE_PotteryBase">
		<defName>UrnSmall</defName>
		<label>decorative urn</label>
		<description>A small piece of decorative pottery.</description>
		<graphicData>
			<graphicClass>Graphic_Random</graphicClass>
			<texPath>Things/Building/Art/SmallUrn</texPath>
		</graphicData>
		<minifiedDef>MinifiedSculpture</minifiedDef>
		<fillPercent>0.35</fillPercent>
		<rotatable>false</rotatable>
		<statBases>
			<MaxHitPoints>90</MaxHitPoints>
			<Beauty>20</Beauty>
			<WorkToMake>20000</WorkToMake>
		</statBases>
		<stuffCategories>
			<li>Metallic</li>
			<li>Woody</li>
			<li>Stony</li>
		</stuffCategories>
		<costStuffCount>60</costStuffCount>
	</ThingDef>

	<ThingDef ParentName="TE_PotteryBase">
		<defName>SmallPottery</defName>
		<label>decorative pottery</label>
		<description>A small pieces of pottery decorated with various pictures and carvings. They have no practical use.</description>
		<graphicData>
			<graphicClass>Graphic_Random</graphicClass>
			<texPath>Things/Building/Art/SmallPottery</texPath>
		</graphicData>
		<minifiedDef>MinifiedSculpture</minifiedDef>
		<fillPercent>0.15</fillPercent>
		<rotatable>false</rotatable>
		<statBases>
			<MaxHitPoints>60</MaxHitPoints>
			<Beauty>10</Beauty>
			<WorkToMake>30000</WorkToMake>
		</statBases>
		<stuffCategories>
			<li>Metallic</li>
			<li>Woody</li>
			<li>Stony</li>
		</stuffCategories>
		<costStuffCount>25</costStuffCount>
	</ThingDef>

	<ThingDef ParentName="TE_FurnitureBase">
		<defName>ThreeStonesGame</defName>
		<label>three stones game</label>
		<description>The ancient tribal game of skill. Get three stones in a row to win. Fun for a few hours here and there, even playing alone.</description>
		<graphicData>
			<texPath>Things/Building/Joy/ThreeStonesGame</texPath>
			<graphicClass>Graphic_Single</graphicClass>
			<shadowData>
				<volume>(0.3, 0.6, 0.3)</volume>
			</shadowData>
			<damageData>
				<rect>(0.09375,0.296875,0.796875,0.703125)</rect>
				<cornerTL>Damage/Corner</cornerTL>
				<cornerTR>Damage/Corner</cornerTR>
				<cornerBL>Damage/Corner</cornerBL>
				<cornerBR>Damage/Corner</cornerBR>
			</damageData>
		</graphicData>
		<minifiedDef>MinifiedFurniture</minifiedDef>
		<altitudeLayer>Building</altitudeLayer>
		<rotatable>false</rotatable>
		<socialPropernessMatters>true</socialPropernessMatters>
		<fillPercent>0.40</fillPercent>
		<building>
			<isJoySource>true</isJoySource>
		</building>
		<statBases>
			<MaxHitPoints>100</MaxHitPoints>
			<WorkToBuild>5000</WorkToBuild>
			<Mass>2.5</Mass>
			<Flammability>1.0</Flammability>
			<Beauty>12</Beauty>
			<EntertainmentStrengthFactor>1</EntertainmentStrengthFactor>
		</statBases>
		<stuffCategories>
			<li>Metallic</li>
			<li>Woody</li>
			<li>Stony</li>
		</stuffCategories>
		<costStuffCount>50</costStuffCount>
		<pathCost>70</pathCost>
		<passability>PassThroughOnly</passability>
		<designationCategory>Joy</designationCategory>
		<designationHotKey>Misc2</designationHotKey>
		<comps>
			<li Class="CompProperties_RoomIdentifier">
				<roomStat>Impressiveness</roomStat>
			</li>
		</comps>
		<researchPrerequisites>
			<li>TribalEssentials</li>
		</researchPrerequisites>
	</ThingDef>
	
	<ThingDef ParentName="TE_BuildingBase">
		<defName>TribalLoreFire</defName>
		<label>tribal lore fire</label>
		<description>A ceremonial tribal lore fire. Participants pass on ancient knowledge and helpful wisdom through stories or practice storytelling on their own. Refuelable.</description>    
		<graphicData>
			<texPath>Things/Building/Joy/TribalLoreFire</texPath>
			<graphicClass>Graphic_Single</graphicClass>
			<drawRotated>false</drawRotated>
			<allowFlip>false</allowFlip>
			<damageData>
				<rect>(0.2,0,0.6,0.1)</rect>
			</damageData>
		</graphicData>
		<size>(1,1)</size>
		<altitudeLayer>Building</altitudeLayer>
		<passability>PassThroughOnly</passability>
		<pathCost>50</pathCost>
		<constructEffect>ConstructDirt</constructEffect>
		<tickerType>Normal</tickerType>
		<drawerType>RealtimeOnly</drawerType>
		<fillPercent>0.25</fillPercent>
		<socialPropernessMatters>true</socialPropernessMatters>
		<statBases>
			<MaxHitPoints>80</MaxHitPoints>
			<WorkToBuild>200</WorkToBuild>
			<Flammability>0</Flammability>
			<EntertainmentStrengthFactor>1</EntertainmentStrengthFactor>
		</statBases>
		<selectable>true</selectable>
		<costList>
			<WoodLog>40</WoodLog>
		</costList>
		<soundImpactDefault>BulletImpactGround</soundImpactDefault>
		<leaveResourcesWhenKilled>false</leaveResourcesWhenKilled>
		<resourcesFractionWhenDeconstructed>0</resourcesFractionWhenDeconstructed>
		<placeWorkers>
			<li>PlaceWorker_Heater</li>
		</placeWorkers>
		<drawPlaceWorkersWhileSelected>true</drawPlaceWorkersWhileSelected>
		<comps>
			<li Class="CompProperties_Refuelable">
				<fuelConsumptionRate>10.0</fuelConsumptionRate>
				<fuelCapacity>40.0</fuelCapacity>
				<fuelConsumptionPerTickInRain>0.0006</fuelConsumptionPerTickInRain>
				<fuelFilter>
					<thingDefs>
						<li>WoodLog</li>
					</thingDefs>
				</fuelFilter>
				<destroyOnNoFuel>true</destroyOnNoFuel>
			</li>
			<li Class="CompProperties_Glower">
				<glowRadius>10</glowRadius>
				<glowColor>(252,187,113,0)</glowColor>
			</li>
			<li Class="CompProperties_HeatPusher">
				<heatPerSecond>21</heatPerSecond>
				<heatPushMaxTemperature>28</heatPushMaxTemperature>
			</li>
			<li Class="CompProperties_FireOverlay">
				<fireSize>1</fireSize>
			</li>
		</comps>
		<designationCategory>Joy</designationCategory>
		<designationHotKey>Misc3</designationHotKey>
		<hasInteractionCell>false</hasInteractionCell>
		<building>
			<isMealSource>false</isMealSource>
			<isJoySource>true</isJoySource>
		</building>
		<researchPrerequisites>
			<li>TribalEssentials</li>
		</researchPrerequisites>
	</ThingDef>
	
	<ThingDef ParentName="TE_BuildingBase">
		<defName>CraftingBasket</defName>
		<label>crafting basket</label>
		<graphicData>
			<texPath>Things/Building/Misc/CraftingBasket</texPath>
			<graphicClass>Graphic_Single</graphicClass>
			<drawSize>(1,1)</drawSize>
			<damageData>
				<cornerTL>Damage/Corner</cornerTL>
				<cornerTR>Damage/Corner</cornerTR>
				<cornerBL>Damage/Corner</cornerBL>
				<cornerBR>Damage/Corner</cornerBR>
			</damageData>
		</graphicData>
		<altitudeLayer>Building</altitudeLayer>
		<passability>PassThroughOnly</passability>
		<castEdgeShadows>true</castEdgeShadows>
		<staticSunShadowHeight>0.35</staticSunShadowHeight>
		<fillPercent>0.5</fillPercent>
		<statBases>
			<MaxHitPoints>50</MaxHitPoints>
			<WorkToBuild>500</WorkToBuild>
			<Mass>5</Mass>
			<Flammability>1.0</Flammability>
		</statBases>
		<description>Increases work speed. Needs to be placed near crafting spot. One crafting spot can be simultaneously linked to only two crafting baskets.</description>
		<size>(1,1)</size>
		<costList>
			<Hay>50</Hay>
		</costList>
		<designationCategory>Misc</designationCategory>
		<minifiedDef>MinifiedFurniture</minifiedDef>
		<comps>
			<li Class="CompProperties_Facility">
				<statOffsets>
					<WorkTableWorkSpeedFactor>0.02</WorkTableWorkSpeedFactor>
				</statOffsets>
				<maxSimultaneous>2</maxSimultaneous>
			</li>
		</comps>
		<designationHotKey>Misc1</designationHotKey>
		<placeWorkers>
			<li>PlaceWorker_ShowFacilitiesConnections</li>
		</placeWorkers>
		<researchPrerequisites>
			<li>TribalEssentials</li>
		</researchPrerequisites>
	</ThingDef>

	<ThingDef ParentName="TE_BuildingBase">
		<defName>ArtSpot</defName>
		<label>art spot</label>
		<description>A place to carve totems or weave rugs.</description>
		<thingClass>Building_WorkTable</thingClass>
		<graphicData>
			<texPath>Things/Building/Production/CraftingSpot</texPath>
			<graphicClass>Graphic_Single</graphicClass>
			<drawSize>(1,1)</drawSize>
		</graphicData>
		<altitudeLayer>FloorEmplacement</altitudeLayer>
		<statBases>
			<WorkToBuild>0</WorkToBuild>
		</statBases>
		<scatterableOnMapGen>false</scatterableOnMapGen>
		<useHitPoints>False</useHitPoints>
		<size>(1,1)</size>
		<designationCategory>Production</designationCategory>
		<passability>Standable</passability>
		<hasInteractionCell>True</hasInteractionCell>
		<interactionCellOffset>(0,0,-1)</interactionCellOffset>
		<surfaceType>Item</surfaceType>
		<inspectorTabs>
			<li>ITab_Bills</li>
		</inspectorTabs>
		<building>
			<spawnedConceptLearnOpportunity>BillsTab</spawnedConceptLearnOpportunity>
			<sowTag>SupportPlantsOnly</sowTag>
			<canPlaceOverImpassablePlant>false</canPlaceOverImpassablePlant>
		</building>
		<comps>
			<li Class="CompProperties_AffectedByFacilities">
				<linkableFacilities>
					<li>ToolCabinet</li>
					<li>CraftingBasket</li>
				</linkableFacilities>
			</li>
		</comps>
		<designationHotKey>Misc1</designationHotKey>
		<placeWorkers>
			<li>PlaceWorker_ShowFacilitiesConnections</li>
		</placeWorkers>
		<researchPrerequisites>
			<li>TribalEssentials</li>
		</researchPrerequisites>
	</ThingDef>
  
	<ThingDef ParentName="TE_BuildingBase">
		<defName>ButcheringSpot</defName>
		<label>butchering spot</label>
		<description>A place to skin and butcher dead creatures.</description>
		<thingClass>Building_WorkTable</thingClass>
		<graphicData>
			<texPath>Things/Building/Production/CraftingSpot</texPath>
			<graphicClass>Graphic_Single</graphicClass>
			<drawSize>(1,1)</drawSize>
		</graphicData>
		<altitudeLayer>FloorEmplacement</altitudeLayer>
		<statBases>
			<WorkToBuild>0</WorkToBuild>
		</statBases>
		<scatterableOnMapGen>false</scatterableOnMapGen>
		<useHitPoints>False</useHitPoints>
		<size>(1,1)</size>
		<designationCategory>Production</designationCategory>
		<passability>Standable</passability>
		<hasInteractionCell>True</hasInteractionCell>
		<interactionCellOffset>(0,0,-1)</interactionCellOffset>
		<surfaceType>Item</surfaceType>
		<inspectorTabs>
			<li>ITab_Bills</li>
		</inspectorTabs>
		<building>
			<spawnedConceptLearnOpportunity>BillsTab</spawnedConceptLearnOpportunity>
			<sowTag>SupportPlantsOnly</sowTag>
			<canPlaceOverImpassablePlant>false</canPlaceOverImpassablePlant>
		</building>
		<comps>
			<li Class="CompProperties_AffectedByFacilities">
				<linkableFacilities>
					<li>ToolCabinet</li>
					<li>CraftingBasket</li>
				</linkableFacilities>
			</li>
		</comps>
		<designationHotKey>Misc2</designationHotKey>
		<placeWorkers>
			<li>PlaceWorker_ShowFacilitiesConnections</li>
		</placeWorkers>
		<researchPrerequisites>
			<li>TribalEssentials</li>
		</researchPrerequisites>
	</ThingDef>
  
	<ThingDef ParentName="TE_BuildingBase">
		<defName>BrewingSpot</defName>
		<label>brewing spot</label>
		<description>A place for making wort to brew beer.</description>
		<thingClass>Building_WorkTable</thingClass>
		<graphicData>
			<texPath>Things/Building/Production/CraftingSpot</texPath>
			<graphicClass>Graphic_Single</graphicClass>
			<drawSize>(1,1)</drawSize>
		</graphicData>
		<altitudeLayer>FloorEmplacement</altitudeLayer>
		<statBases>
			<WorkToBuild>0</WorkToBuild>
		</statBases>
		<scatterableOnMapGen>false</scatterableOnMapGen>
		<useHitPoints>False</useHitPoints>
		<size>(1,1)</size>
		<designationCategory>Production</designationCategory>
		<passability>Standable</passability>
		<hasInteractionCell>True</hasInteractionCell>
		<interactionCellOffset>(0,0,-1)</interactionCellOffset>
		<surfaceType>Item</surfaceType>
		<inspectorTabs>
			<li>ITab_Bills</li>
		</inspectorTabs>
		<building>
			<spawnedConceptLearnOpportunity>BillsTab</spawnedConceptLearnOpportunity>
			<sowTag>SupportPlantsOnly</sowTag>
			<canPlaceOverImpassablePlant>false</canPlaceOverImpassablePlant>
		</building>
		<comps>
			<li Class="CompProperties_AffectedByFacilities">
				<linkableFacilities>
					<li>ToolCabinet</li>
					<li>CraftingBasket</li>
				</linkableFacilities>
			</li>
		</comps>
		<designationHotKey>Misc3</designationHotKey>
		<placeWorkers>
			<li>PlaceWorker_ShowFacilitiesConnections</li>
		</placeWorkers>
		<researchPrerequisites>
			<li>TribalEssentials</li>
		</researchPrerequisites>
	</ThingDef>

	<ThingDef ParentName="TE_BuildingBase">
		<defName>StoneChippingSpot</defName>
		<label>stone chipping spot</label>
		<description>A place to chip stones into useable blocks.</description>
		<thingClass>Building_WorkTable</thingClass>
		<graphicData>
			<texPath>Things/Building/Production/CraftingSpot</texPath>
			<graphicClass>Graphic_Single</graphicClass>
			<drawSize>(1,1)</drawSize>
		</graphicData>
		<altitudeLayer>FloorEmplacement</altitudeLayer>
		<statBases>
			<WorkToBuild>0</WorkToBuild>
		</statBases>
		<scatterableOnMapGen>false</scatterableOnMapGen>
		<useHitPoints>False</useHitPoints>
		<size>(1,1)</size>
		<designationCategory>Production</designationCategory>
		<passability>Standable</passability>
		<hasInteractionCell>True</hasInteractionCell>
		<interactionCellOffset>(0,0,-1)</interactionCellOffset>
		<surfaceType>Item</surfaceType>
		<inspectorTabs>
			<li>ITab_Bills</li>
		</inspectorTabs>
		<building>
			<spawnedConceptLearnOpportunity>BillsTab</spawnedConceptLearnOpportunity>
			<sowTag>SupportPlantsOnly</sowTag>
			<canPlaceOverImpassablePlant>false</canPlaceOverImpassablePlant>
		</building>
		<comps>
			<li Class="CompProperties_AffectedByFacilities">
				<linkableFacilities>
					<li>ToolCabinet</li>
					<li>CraftingBasket</li>
				</linkableFacilities>
			</li>
		</comps>
		<designationHotKey>Misc4</designationHotKey>
		<placeWorkers>
			<li>PlaceWorker_ShowFacilitiesConnections</li>
		</placeWorkers>
		<researchPrerequisites>
			<li>TribalEssentials</li>
		</researchPrerequisites>
	</ThingDef>
 
	<ThingDef ParentName="TE_BuildingBase">
		<defName>TailoringSpot</defName>
		<label>tailoring spot</label>
		<description>A place to tailor simple clothes.</description>
		<thingClass>Building_WorkTable</thingClass>
		<graphicData>
			<texPath>Things/Building/Production/CraftingSpot</texPath>
			<graphicClass>Graphic_Single</graphicClass>
			<drawSize>(1,1)</drawSize>
		</graphicData>
		<altitudeLayer>FloorEmplacement</altitudeLayer>
		<statBases>
			<WorkToBuild>0</WorkToBuild>
		</statBases>
		<scatterableOnMapGen>false</scatterableOnMapGen>
		<useHitPoints>False</useHitPoints>
		<size>(1,1)</size>
		<designationCategory>Production</designationCategory>
		<passability>Standable</passability>
		<hasInteractionCell>True</hasInteractionCell>
		<interactionCellOffset>(0,0,-1)</interactionCellOffset>
		<surfaceType>Item</surfaceType>
		<inspectorTabs>
			<li>ITab_Bills</li>
		</inspectorTabs>
		<building>
			<spawnedConceptLearnOpportunity>BillsTab</spawnedConceptLearnOpportunity>
			<sowTag>SupportPlantsOnly</sowTag>
			<canPlaceOverImpassablePlant>false</canPlaceOverImpassablePlant>
		</building>
		<comps>
			<li Class="CompProperties_AffectedByFacilities">
				<linkableFacilities>
					<li>ToolCabinet</li>
					<li>CraftingBasket</li>
				</linkableFacilities>
			</li>
		</comps>
		<designationHotKey>Misc5</designationHotKey>
		<placeWorkers>
			<li>PlaceWorker_ShowFacilitiesConnections</li>
		</placeWorkers>
		<researchPrerequisites>
			<li>TribalEssentials</li>
		</researchPrerequisites>
	</ThingDef>

	<ThingDef ParentName="TE_BuildingBase">
		<defName>ResearchingSpot</defName>
		<label>researching spot</label>
		<description>A place to do simple research.</description>
		<thingClass>Building_ResearchBench</thingClass>
		<graphicData>
			<texPath>Things/Building/Production/CraftingSpot</texPath>
			<graphicClass>Graphic_Single</graphicClass>
			<drawSize>(1,1)</drawSize>
		</graphicData>
		<altitudeLayer>FloorEmplacement</altitudeLayer>
		<statBases>
			<WorkToBuild>0</WorkToBuild>
			<ResearchSpeedFactor>0.3</ResearchSpeedFactor>
		</statBases>
		<scatterableOnMapGen>false</scatterableOnMapGen>
		<useHitPoints>False</useHitPoints>
		<size>(1,1)</size>
		<designationCategory>Production</designationCategory>
		<passability>Standable</passability>
		<hasInteractionCell>True</hasInteractionCell>
		<interactionCellOffset>(0,0,-1)</interactionCellOffset>
		<surfaceType>Item</surfaceType>
		<building>
			<sowTag>SupportPlantsOnly</sowTag>
			<canPlaceOverImpassablePlant>false</canPlaceOverImpassablePlant>
		</building>
		<designationHotKey>Misc6</designationHotKey>
		<researchPrerequisites>
			<li>TribalEssentials</li>
		</researchPrerequisites>
	</ThingDef>
  
	<ThingDef ParentName="TE_BuildingBase">
		<defName>StoneOven</defName>
		<label>stone oven</label>
		<thingClass>Building_WorkTable</thingClass>
		<description>A primitive stone oven for preparing meals. A step up from the campfire.</description>
		<category>Building</category>
		<graphicData>
			<texPath>Things/Building/Production/StoneOven</texPath>
			<graphicClass>Graphic_Single</graphicClass>
			<drawSize>(2.75,2.75)</drawSize>
			<drawRotated>false</drawRotated>
			<allowFlip>false</allowFlip>
			<damageData>
				<cornerTL>Damage/Corner</cornerTL>
				<cornerTR>Damage/Corner</cornerTR>
				<cornerBL>Damage/Corner</cornerBL>
				<cornerBR>Damage/Corner</cornerBR>
			</damageData>
		</graphicData>
		<rotatable>false</rotatable>
		<castEdgeShadows>true</castEdgeShadows>
		<staticSunShadowHeight>0.20</staticSunShadowHeight>
		<stuffCategories>
			<li>Stony</li>
		</stuffCategories>
		<costStuffCount>50</costStuffCount>
		<altitudeLayer>Building</altitudeLayer>
		<fillPercent>0.5</fillPercent>
		<useHitPoints>True</useHitPoints>
		<statBases>
			<WorkToBuild>1000</WorkToBuild>
			<MaxHitPoints>250</MaxHitPoints>
			<Flammability>0</Flammability>
		</statBases>
		<size>(3,1)</size>
		<designationCategory>Production</designationCategory>
		<passability>PassThroughOnly</passability>
		<pathCost>70</pathCost>
		<hasInteractionCell>True</hasInteractionCell>
		<interactionCellOffset>(0,0,-1)</interactionCellOffset>
		<surfaceType>Item</surfaceType>
		<recipes>
			<li>MakeKibbleStoneOven</li>
			<li>MakePemmicanStoneOven</li>
			<li>CookMealSimpleStoneOven</li>
			<li>CookMealFineStoneOven</li>
			<li>CookEgg</li>
			<li>MakePopcorn</li>
			<li>Tam_SmokeMeat40StoneOven</li>
			<li>Tam_SmokeMeat10StoneOven</li>
		</recipes>
		<inspectorTabs>
			<li>ITab_Bills</li>
		</inspectorTabs>
		<placeWorkers>
			<li>PlaceWorker_Heater</li>
		</placeWorkers>
		<drawPlaceWorkersWhileSelected>true</drawPlaceWorkersWhileSelected>
		<comps>
			<li Class="CompProperties_Refuelable">
				<fuelConsumptionRate>25.0</fuelConsumptionRate>
				<fuelCapacity>50.0</fuelCapacity>
				<fuelFilter>
					<thingDefs>
						<li>WoodLog</li>
					</thingDefs>
				</fuelFilter>
			</li>
			<li Class="CompProperties_Glower">
				<glowRadius>3</glowRadius>
				<glowColor>(252,187,113,0)</glowColor>
			</li>
			<li Class="CompProperties_HeatPusher">
				<heatPerSecond>15</heatPerSecond>
				<heatPushMaxTemperature>25</heatPushMaxTemperature>
			</li>
			<li Class="CompProperties_FireOverlay">
				<fireSize>0.5</fireSize>
				<offset>(0,0,-0.35)</offset>
			</li>
		</comps>
		<building>
			<isMealSource>true</isMealSource>
			<spawnedConceptLearnOpportunity>BillsTab</spawnedConceptLearnOpportunity>
		</building>
		<researchPrerequisites>
			<li>TribalEssentials</li>
		</researchPrerequisites>
	</ThingDef>

</Defs>
