<?xml version="1.0" encoding="utf-8" ?>
<Defs>

	<ThingDef Name="TE_ResourceBase" Abstract="True">
		<thingClass>ThingWithComps</thingClass>
		<category>Item</category>
		<resourceReadoutPriority>Middle</resourceReadoutPriority>
		<useHitPoints>true</useHitPoints>
		<selectable>true</selectable>
		<altitudeLayer>Item</altitudeLayer>
		<stackLimit>75</stackLimit>
		<statBases>
			<Beauty>-7</Beauty>
		</statBases>
		<comps>
			<li Class="CompProperties_Forbiddable"/>
		</comps>
		<alwaysHaulable>true</alwaysHaulable>
		<drawGUIOverlay>true</drawGUIOverlay>
		<rotatable>false</rotatable>
		<pathCost>15</pathCost>
	</ThingDef>

	<ThingDef Abstract="True" Name="TE_OrganicProductBase" ParentName="TE_ResourceBase">
		<graphicData>
			<graphicClass>Graphic_Single</graphicClass>
		</graphicData>
		<socialPropernessMatters>true</socialPropernessMatters>
		<statBases>
			<MaxHitPoints>100</MaxHitPoints>
			<Flammability>1.0</Flammability>
			<DeteriorationRate>10</DeteriorationRate>
			<Mass>0.03</Mass>
		</statBases>
		<tickerType>Rare</tickerType>
	</ThingDef>

	<ThingDef ParentName="TE_OrganicProductBase">
		<defName>CookedEgg</defName>
		<label>cooked egg</label>
		<thingClass>ThingWithComps</thingClass>
		<thingCategories>
			<li>AnimalProductRaw</li>
		</thingCategories>
		<stackLimit>75</stackLimit>
		<description>A cooked egg. Tastes better than raw.</description>
		<graphicData>
			<texPath>Things/Item/CookedEgg</texPath>
			<graphicClass>Graphic_StackCount</graphicClass>
			<color>(245,245,245)</color>
		</graphicData>
		<statBases>
			<MarketValue>7.0</MarketValue>
			<Mass>0.15</Mass>
			<WorkToMake>500</WorkToMake>
		</statBases>
		<ingestible>
			<foodType>Meal</foodType>
			<preferability>MealSimple</preferability>
			<nutrition>0.25</nutrition>
			<ingestEffect>EatVegetarian</ingestEffect>
			<ingestSound>Meal_Eat</ingestSound>
			<tasteThought/> 
		</ingestible>
		<comps>
			<li Class="CompProperties_Rottable">
				<daysToRotStart>7</daysToRotStart>
				<rotDestroys>true</rotDestroys> 
			</li>
			<li Class="CompProperties_Ingredients" />
			<li Class="CompProperties_FoodPoisonable" />
		</comps>
	</ThingDef>

	<ThingDef ParentName="TE_OrganicProductBase">
		<defName>Popcorn</defName>
		<label>popcorn</label>
		<thingClass>ThingWithComps</thingClass>
		<thingCategories>
			<li>Foods</li>
		</thingCategories>
		<stackLimit>75</stackLimit>
		<description>Tasty, tasty popcorn!</description>
		<graphicData>
			<texPath>Things/Item/Popcorn/Popcorn</texPath>
			<graphicClass>Graphic_Single</graphicClass>
		</graphicData>
		<statBases>
			<MarketValue>6.0</MarketValue>
			<Mass>0.025</Mass>
			<WorkToMake>500</WorkToMake>
		</statBases>
		<ingestible>
			<foodType>Meal</foodType>
			<preferability>MealFine</preferability>
			<nutrition>0.05</nutrition>
			<ingestEffect>EatVegetarian</ingestEffect>
			<ingestSound>Meal_Eat</ingestSound>
			<joy>0.10</joy>
			<joyKind>Gluttonous</joyKind>
			<maxNumToIngestAtOnce>10</maxNumToIngestAtOnce>
			<tasteThought/> 
		</ingestible>
		<comps>
			<li Class="CompProperties_Rottable">
				<daysToRotStart>7</daysToRotStart>
				<rotDestroys>true</rotDestroys> 
			</li>
			<li Class="CompProperties_Ingredients" />
			<li Class="CompProperties_FoodPoisonable" />
		</comps>
	</ThingDef>

	<ThingDef ParentName="TE_ResourceBase">
		<defName>PatchedLeather</defName>
		<label>patchwork leather</label>
		<description>Low quality leather patched together from scraps.</description>
		<graphicData>
			<texPath>Things/Item/Resource/PatchworkLeather</texPath>
			<graphicClass>Graphic_Single</graphicClass>
			<color>(156,133,110)</color>
		</graphicData>
		<statBases>
			<MaxHitPoints>100</MaxHitPoints>
			<MarketValue>1.5</MarketValue>
			<Flammability>1.0</Flammability>
			<DeteriorationRate>2.5</DeteriorationRate>
			<Beauty>-20</Beauty>
		</statBases>
		<stuffProps>
			<categories>
				<li>Leathery</li>
			</categories>
			<color>(156,133,110)</color>
			<commonality>0.5</commonality>
			<statFactors>
				<ArmorRating_Blunt>1.2</ArmorRating_Blunt>
				<ArmorRating_Sharp>1.2</ArmorRating_Sharp>
				<ArmorRating_Heat>1.2</ArmorRating_Heat>
				<ArmorRating_Electric>2.5</ArmorRating_Electric>
				<Insulation_Cold>0.75</Insulation_Cold>
				<Insulation_Heat>0.75</Insulation_Heat>
			</statFactors>
		</stuffProps>
		<thingCategories>
			<li>Leathers</li>
		</thingCategories>
	</ThingDef>

	<ThingDef ParentName="TE_OrganicProductBase">
		<defName>Tam_SmokedMeat</defName>
		<label>smoked meat</label>
		<thingClass>ThingWithComps</thingClass>
		<thingCategories>
			<li>MeatRaw</li>
		</thingCategories>
		<stackLimit>75</stackLimit>
		<description>Meat that's been smoked for preservation. Sort of tasty, but hard to chew. It lasts a long time without refrigeration.</description>
		<graphicData>
			<texPath>Items/TamSmokedMeat</texPath>
			<graphicClass>Graphic_Single</graphicClass>
		</graphicData>
		<statBases>
			<MarketValue>3.1</MarketValue>
			<Mass>0.021</Mass>
			<WorkToMake>2500</WorkToMake>
		</statBases>
		<ingestible>
			<foodType>Meal</foodType>
			<preferability>MealSimple</preferability>
			<nutrition>0.075</nutrition>
			<ingestEffect>EatVegetarian</ingestEffect>
			<ingestSound>Meal_Eat</ingestSound>
			<tasteThought></tasteThought>
		</ingestible>
		<comps>
			<li Class="CompProperties_Rottable">
				<daysToRotStart>30</daysToRotStart>
				<rotDestroys>false</rotDestroys>
			</li>
			<li Class="CompProperties_Ingredients" />
			<li Class="CompProperties_FoodPoisonable" />
		</comps>
	</ThingDef>

	<ThingDef Name="TE_UnfinishedBase" Abstract="True">
		<thingClass>UnfinishedThing</thingClass>
		<category>Item</category>
		<label>unfinished thing</label>
		<graphicData>
			<texPath>Things/Item/Unfinished/UnfinishedSculpture</texPath>
			<graphicClass>Graphic_Single</graphicClass>
		</graphicData>
		<altitudeLayer>Item</altitudeLayer>
		<useHitPoints>true</useHitPoints>
		<isUnfinishedThing>true</isUnfinishedThing>
		<scatterableOnMapGen>false</scatterableOnMapGen>
		<selectable>true</selectable>
		<tradeability>Never</tradeability>
		<drawerType>RealtimeOnly</drawerType>
		<statBases>
			<MaxHitPoints>50</MaxHitPoints>
			<DeteriorationRate>2.0</DeteriorationRate>
			<Beauty>-6</Beauty>
		</statBases>
		<comps>
			<li Class="CompProperties_Forbiddable"/>
		</comps>
		<alwaysHaulable>true</alwaysHaulable>
		<rotatable>false</rotatable>
		<pathCost>15</pathCost>
		<thingCategories>
			<li>Unfinished</li>
		</thingCategories>
		<stuffCategories>
			<li>Metallic</li>
			<li>Woody</li>
			<li>Stony</li>
		</stuffCategories>
	</ThingDef>

	<ThingDef ParentName="TE_UnfinishedBase">
		<defName>UnfinishedRug</defName>
		<label>unfinished rug</label>
		<graphicData>
			<texPath>Things/Item/Unfinished/UnfinishedApparel</texPath>
			<graphicClass>Graphic_Single</graphicClass>
		</graphicData>
		<stuffCategories>
			<li>Fabric</li>
			<li>Leathery</li>
			<li>Metallic</li>
		</stuffCategories>
		<comps>
			<li>
				<compClass>CompColorable</compClass>
			</li>
		</comps>
	</ThingDef>
  
</Defs>
