<?xml version="1.0" encoding="UTF-8"?>
<Defs>

	<JobDef>
		<defName>PlayThreeStonesGame</defName>
		<driverClass>JobDriver_SitFacingBuilding</driverClass>
		<reportString>playing three stones game.</reportString>
		<joyDuration>4000</joyDuration>
		<joyMaxParticipants>2</joyMaxParticipants>
		<joyGainRate>1</joyGainRate>
		<joySkill>Intellectual</joySkill>
		<joyXpPerTick>0.002</joyXpPerTick>
		<joyKind>GamingCerebral</joyKind>
	</JobDef>
	
	<JobDef>
		<defName>ShareTribalLore</defName>
		<driverClass>JobDriver_SitFacingBuilding</driverClass>
		<reportString>sharing tribal lore.</reportString>
		<joyDuration>4000</joyDuration>
		<joyMaxParticipants>4</joyMaxParticipants>
		<joyGainRate>1</joyGainRate>
		<joySkill>Social</joySkill>
		<joyXpPerTick>0.002</joyXpPerTick>
		<joyKind>GamingCerebral</joyKind>
	</JobDef>

</Defs>
