<?xml version="1.0" encoding="utf-8" ?>
<Defs>

	<RecipeDef>
		<defName>Tam_SmokeMeat40</defName>
		<label>smoke meat (40)</label>
		<description>Smoke meat to preserve it. Tasty, but hard to chew. It lasts a long time without refrigeration.</description>
		<jobString>Smoking meat.</jobString>
		<workAmount>4000</workAmount>
		<workSpeedStat>CookSpeed</workSpeedStat>
		<requiredGiverWorkType>Cooking</requiredGiverWorkType>
		<effectWorking>Cook</effectWorking>
		<soundWorking>Recipe_CookMeal</soundWorking>
		<allowMixingIngredients>true</allowMixingIngredients>
		<ingredientValueGetterClass>IngredientValueGetter_Nutrition</ingredientValueGetterClass>
		<ingredients>
			<li>
				<filter>
					<categories>
						<li>MeatRaw</li>
					</categories>
				</filter>
				<count>2</count>
			</li>
		</ingredients>
		<products>
			<Tam_SmokedMeat>40</Tam_SmokedMeat>
		</products>
		<fixedIngredientFilter>
			<categories>
				<li>MeatRaw</li>
			</categories>
			<exceptedThingDefs>
				<li>Tam_SmokedMeat</li>
			</exceptedThingDefs>
		</fixedIngredientFilter>
		<defaultIngredientFilter>
			<categories>
				<li>MeatRaw</li>
			</categories>
			<exceptedThingDefs>
				<li>Human_Meat</li>
				<li>Megaspider_Meat</li>
			</exceptedThingDefs>
		</defaultIngredientFilter>
		<workSkill>Cooking</workSkill>
	</RecipeDef>

	<RecipeDef>
		<defName>Tam_SmokeMeat10</defName>
		<label>smoke meat (10)</label>
		<description>Smoke meat to preserve it. Tasty, but hard to chew. It lasts a long time without refrigeration.</description>
		<jobString>Smoking meat.</jobString>
		<workAmount>2500</workAmount>
		<workSpeedStat>CookSpeed</workSpeedStat>
		<requiredGiverWorkType>Cooking</requiredGiverWorkType>
		<effectWorking>Cook</effectWorking>
		<soundWorking>Recipe_CookMeal</soundWorking>
		<allowMixingIngredients>true</allowMixingIngredients>
		<ingredientValueGetterClass>IngredientValueGetter_Nutrition</ingredientValueGetterClass>
		<ingredients>
			<li>
				<filter>
					<categories>
						<li>MeatRaw</li>
					</categories>
				</filter>
				<count>0.5</count>
			</li>
		</ingredients>
		<products>
			<Tam_SmokedMeat>10</Tam_SmokedMeat>
		</products>
		<fixedIngredientFilter>
			<categories>
				<li>MeatRaw</li>
			</categories>
			<exceptedThingDefs>
				<li>Tam_SmokedMeat</li>
			</exceptedThingDefs>
		</fixedIngredientFilter>
		<defaultIngredientFilter>
			<categories>
				<li>MeatRaw</li>
			</categories>
			<exceptedThingDefs>
				<li>Human_Meat</li>
				<li>Megaspider_Meat</li>
			</exceptedThingDefs>
		</defaultIngredientFilter>
		<workSkill>Cooking</workSkill>
	</RecipeDef>

	<RecipeDef>
		<defName>CookEgg</defName>
		<label>cook egg</label>
		<description>Cook an egg. Tastes better than raw.</description>
		<jobString>Cooking egg.</jobString>
		<workAmount>800</workAmount>
		<workSpeedStat>CookSpeed</workSpeedStat>
		<requiredGiverWorkType>Cooking</requiredGiverWorkType>
		<effectWorking>Cook</effectWorking>
		<soundWorking>Recipe_CookMeal</soundWorking>
		<allowMixingIngredients>true</allowMixingIngredients>
		<ingredientValueGetterClass>IngredientValueGetter_Nutrition</ingredientValueGetterClass>
		<ingredients>
			<li>
				<filter>
					<categories>
						<li>FoodRaw</li>
					</categories>
				</filter>
				<count>0.25</count>
			</li>
		</ingredients>
		<fixedIngredientFilter>
			<categories>
				<li>FoodRaw</li>
			</categories>
			<exceptedCategories>
				<li>MeatRaw</li>
				<li>PlantFoodRaw</li>
			</exceptedCategories>
			<exceptedThingDefs>
				<li>CookedEgg</li>
				<li>Milk</li>
				<li>InsectJelly</li>
			</exceptedThingDefs>
		</fixedIngredientFilter>
		<defaultIngredientFilter>
			<categories>
				<li>AnimalProductRaw</li>
			</categories>
			<exceptedCategories>
				<li>EggsFertilized</li>
			</exceptedCategories>
		</defaultIngredientFilter>
		<products>
			<CookedEgg>1</CookedEgg>
		</products>
		<workSkill>Cooking</workSkill>
		<recipeUsers>
			<li>FueledStove</li>
			<li>ElectricStove</li>
			<li>Campfire</li>
		</recipeUsers>
	</RecipeDef>

	<RecipeDef>
		<defName>MakePatchedLeather</defName>
		<label>make patchwork leather</label>
		<description>Patch scraps of leather and animal skins into a more useable form.</description>
		<jobString>making patchwork leather.</jobString>
		<workAmount>1000</workAmount>
		<workSpeedStat>TailoringSpeed</workSpeedStat>
		<effectWorking>Tailor</effectWorking>
		<soundWorking>Recipe_Tailor</soundWorking>
	    <allowMixingIngredients>true</allowMixingIngredients>
		<ingredients>
			<li>
				<filter>
		  			<categories>
						<li>Leathers</li>
					</categories>
				</filter>
				<count>10</count>
			</li>
		</ingredients>
		<fixedIngredientFilter>
			<categories>
				<li>Leathers</li>
			</categories>
			<exceptedThingDefs>
				<li>Human_Leather</li>
				<li>PatchedLeather</li>
			</exceptedThingDefs>
		</fixedIngredientFilter>
		<products>
			<PatchedLeather>8</PatchedLeather>
		</products>
		<workSkill>Crafting</workSkill>
		<skillRequirements>
			<Crafting>4</Crafting>
		</skillRequirements>
		<recipeUsers>
			<li>TailoringSpot</li>
			<li>ElectricTailoringBench</li>
			<li>HandTailoringBench</li>
		</recipeUsers>
		<researchPrerequisite>TribalEssentials</researchPrerequisite>
	</RecipeDef>

	<RecipeDef>
		<defName>MakePopcorn</defName>
		<label>make popcorn</label>
		<description>Make popcorn from corn.</description>
		<jobString>Making popcorn.</jobString>
		<workAmount>800</workAmount>
		<workSpeedStat>CookSpeed</workSpeedStat>
		<requiredGiverWorkType>Cooking</requiredGiverWorkType>
		<effectWorking>Cook</effectWorking>
		<soundWorking>Recipe_CookMeal</soundWorking>
		<allowMixingIngredients>true</allowMixingIngredients>
		<ingredientValueGetterClass>IngredientValueGetter_Nutrition</ingredientValueGetterClass>
		<ingredients>
			<li>
				<filter>
					<thingDefs>
						<li>RawCorn</li>
					</thingDefs>
				</filter>
				<count>0.5</count>
			</li>
		</ingredients>
		<products>
			<Popcorn>10</Popcorn>
		</products>
		<workSkill>Cooking</workSkill>
		<recipeUsers>
			<li>Campfire</li>
			<li>FueledStove</li>
			<li>ElectricStove</li>
		</recipeUsers>
	</RecipeDef>

	<RecipeDef>
		<defName>MakeWortSpot</defName>
		<label>make wort</label>
		<description>Make wort from hops.</description>
		<jobString>Making wort.</jobString>
		<workSpeedStat>BrewingSpeed</workSpeedStat>
		<workSkill>Cooking</workSkill>
		<effectWorking>Cook</effectWorking>
		<soundWorking>Recipe_Brewing</soundWorking>
		<allowMixingIngredients>true</allowMixingIngredients>
		<workAmount>2000</workAmount>
		<targetCountAdjustment>1</targetCountAdjustment>
		<ingredients>
			<li>
				<filter>
					<thingDefs>
						<li>RawHops</li>
					</thingDefs>
				</filter>
				<count>25</count>
			</li>
		</ingredients>
		<fixedIngredientFilter>
			<thingDefs>
				<li>RawHops</li>
			</thingDefs>
		</fixedIngredientFilter>
		<products>
			<Wort>3</Wort>
		</products>
		<skillRequirements>
			<Cooking>3</Cooking>
		</skillRequirements>
		<recipeUsers>
			<li>BrewingSpot</li>
		</recipeUsers>
	</RecipeDef>

	<RecipeDef>
		<defName>ButcherCorpseFleshButcheringSpot</defName>
		<label>butcher creature</label>
		<description>Butchers a creature to obtain its meat in usable form.</description>
		<jobString>Butchering.</jobString>
		<workAmount>1000</workAmount>
		<workSpeedStat>ButcheryFleshSpeed</workSpeedStat>
		<workSkill>Cooking</workSkill>
		<efficiencyStat>ButcheryFleshEfficiency</efficiencyStat>
		<effectWorking>ButcherFlesh</effectWorking>
		<soundWorking>Recipe_ButcherCorpseFlesh</soundWorking>
		<ingredients>
			<li>
				<filter>
					<categories>
						<li>Corpses</li>
					</categories>
				</filter>
				<count>1</count>
			</li>
		</ingredients>
		<specialProducts>
			<li>Butchery</li>
		</specialProducts>
		<fixedIngredientFilter>
			<categories>
				<li>Corpses</li>
			</categories>
			<exceptedCategories>
				<li>CorpsesMechanoid</li>
			</exceptedCategories>
			<specialFiltersToDisallow>
				<li>AllowRotten</li>
			</specialFiltersToDisallow>
		</fixedIngredientFilter>
		<defaultIngredientFilter>
			<categories>
				<li>CorpsesAnimal</li>
			</categories>
		</defaultIngredientFilter>
		<recipeUsers>
			<li>ButcheringSpot</li>
		</recipeUsers>
	</RecipeDef>

	<RecipeDef>
		<defName>MakeKibbleStoneOven</defName>
		<label>make kibble</label>
		<description>Make animal kibble by combining raw meat and plants.</description>
		<jobString>Making kibble.</jobString>
		<workAmount>500</workAmount>
		<workSpeedStat>CookSpeed</workSpeedStat>
		<effectWorking>Cook</effectWorking>
		<soundWorking>Recipe_CookMeal</soundWorking>
		<allowMixingIngredients>true</allowMixingIngredients>
		<ingredientValueGetterClass>IngredientValueGetter_Nutrition</ingredientValueGetterClass>
		<ingredients>
			<li>
				<filter>
					<categories>
						<li>MeatRaw</li>
						<li>AnimalProductRaw</li>
					</categories>
				</filter>
				<count>1</count>
			</li>
			<li>
				<filter>
					<categories>
						<li>PlantFoodRaw</li>
					</categories>
					<thingDefs>
						<li>Hay</li>
					</thingDefs>
				</filter>
				<count>1</count>
			</li>
		</ingredients>
		<products>
			<Kibble>50</Kibble>
		</products>
		<fixedIngredientFilter>
			<categories>
				<li>FoodRaw</li>
			</categories>
			<thingDefs>
				<li>Hay</li>
			</thingDefs>
		</fixedIngredientFilter>
		<defaultIngredientFilter>
			<categories>
				<li>Foods</li>
			</categories>
			<exceptedCategories>
				<li>EggsFertilized</li>
			</exceptedCategories>
			<exceptedThingDefs>
				<li>InsectJelly</li>
			</exceptedThingDefs>
		</defaultIngredientFilter>
		<workSkill>Cooking</workSkill>
	</RecipeDef>

	<RecipeDef Name="MakePemmicanStoneOven">
		<defName>MakePemmicanStoneOven</defName>
		<label>make pemmican</label>
		<description>Make pemmican, a preserved combination of meat and plant food. It doesn't taste amazing, but lasts a year without refrigeration.</description>
		<jobString>Making pemmican.</jobString>
		<workAmount>800</workAmount>
		<workSpeedStat>CookSpeed</workSpeedStat>
		<requiredGiverWorkType>Cooking</requiredGiverWorkType>
		<effectWorking>Cook</effectWorking>
		<soundWorking>Recipe_CookMeal</soundWorking>
		<allowMixingIngredients>true</allowMixingIngredients>
		<ingredientValueGetterClass>IngredientValueGetter_Nutrition</ingredientValueGetterClass>
		<ingredients>
			<li>
				<filter>
					<categories>
						<li>MeatRaw</li>
					</categories>
				</filter>
				<count>0.25</count>
			</li>
			<li>
				<filter>
					<categories>
						<li>PlantFoodRaw</li>
					</categories>
				</filter>
				<count>0.25</count>
			</li>
		</ingredients>
		<products>
			<Pemmican>16</Pemmican>
		</products>
		<fixedIngredientFilter>
			<categories>
				<li>FoodRaw</li>
			</categories>
			<exceptedCategories>
				<li>AnimalProductRaw</li>
			</exceptedCategories>
			<disallowedSpecialFilters>
				<li>AllowPlantFood</li>
			</disallowedSpecialFilters>
		</fixedIngredientFilter>
		<defaultIngredientFilter>
			<categories>
				<li>FoodRaw</li>
			</categories>
			<exceptedThingDefs>
				<li>Human_Meat</li>
				<li>Megaspider_Meat</li>
			</exceptedThingDefs>
		</defaultIngredientFilter>
		<workSkill>Cooking</workSkill>
		<researchPrerequisite>Pemmican</researchPrerequisite>
	</RecipeDef>

	<RecipeDef Name="TE_CookMealBase" Abstract="True">
		<fixedIngredientFilter>
			<categories>
				<li>FoodRaw</li>
			</categories>
			<disallowedSpecialFilters>
				<li>AllowPlantFood</li>
			</disallowedSpecialFilters>
		</fixedIngredientFilter>
		<defaultIngredientFilter>
			<categories>
				<li>FoodRaw</li>
			</categories>
			<exceptedCategories>
				<li>EggsFertilized</li>
			</exceptedCategories>
			<exceptedThingDefs>
				<li>Human_Meat</li>
				<li>Megaspider_Meat</li>
				<li>InsectJelly</li>
			</exceptedThingDefs>
		</defaultIngredientFilter>
		<workSkill>Cooking</workSkill>
	</RecipeDef>

	<RecipeDef Name="TE_CookMealSimpleStoneOven" ParentName="TE_CookMealBase">
		<defName>CookMealSimpleStoneOven</defName>
		<label>cook simple meal</label>
		<description>Cooks a straightforward meal from one ingredient.</description>
		<jobString>Cooking simple meal.</jobString>
		<workAmount>800</workAmount>
		<workSpeedStat>CookSpeed</workSpeedStat>
		<requiredGiverWorkType>Cooking</requiredGiverWorkType>
		<effectWorking>Cook</effectWorking>
		<soundWorking>Recipe_CookMeal</soundWorking>
		<allowMixingIngredients>true</allowMixingIngredients>
		<ingredientValueGetterClass>IngredientValueGetter_Nutrition</ingredientValueGetterClass>
		<ingredients>
			<li>
				<filter>
					<categories>
						<li>FoodRaw</li>
					</categories>
				</filter>
				<count>0.5</count>
			</li>
		</ingredients>
		<products>
			<MealSimple>1</MealSimple>
		</products>
		<workSkill>Cooking</workSkill>
	</RecipeDef>

	<RecipeDef Name="TE_CookFineMealStoneOven" ParentName="TE_CookMealBase">
		<defName>CookMealFineStoneOven</defName>
		<label>cook fine meal</label>
		<description>Cooks a somewhat complex meal from a combination of raw meat and raw plant ingredients.</description>
		<jobString>Cooking fine meal.</jobString>
		<workAmount>800</workAmount>
		<workSpeedStat>CookSpeed</workSpeedStat>
		<effectWorking>Cook</effectWorking>
		<soundWorking>Recipe_CookMeal</soundWorking>
		<allowMixingIngredients>true</allowMixingIngredients>
		<ingredientValueGetterClass>IngredientValueGetter_Nutrition</ingredientValueGetterClass>
		<ingredients>
			<li>
				<filter>
					<categories>
						<li>MeatRaw</li>
						<li>AnimalProductRaw</li>
					</categories>
				</filter>
				<count>0.25</count>
			</li>
			<li>
				<filter>
					<categories>
						<li>PlantFoodRaw</li>
					</categories>
				</filter>
				<count>0.25</count>
			</li>
		</ingredients>
		<products>
			<MealFine>1</MealFine>
		</products>
		<skillRequirements>
			<Cooking>6</Cooking>
		</skillRequirements>
	</RecipeDef>
  
	<RecipeDef>
		<defName>Tam_SmokeMeat40StoneOven</defName>
		<label>smoke meat (40)</label>
		<description>Smoke meat to preserve it. Tasty, but hard to chew. It lasts a long time without refrigeration.</description>
		<jobString>Smoking meat.</jobString>
		<workAmount>3000</workAmount>
		<workSpeedStat>CookSpeed</workSpeedStat>
		<requiredGiverWorkType>Cooking</requiredGiverWorkType>
		<effectWorking>Cook</effectWorking>
		<soundWorking>Recipe_CookMeal</soundWorking>
		<allowMixingIngredients>true</allowMixingIngredients>
		<ingredientValueGetterClass>IngredientValueGetter_Nutrition</ingredientValueGetterClass>
		<ingredients>
			<li>
				<filter>
					<categories>
						<li>MeatRaw</li>
					</categories>
				</filter>
				<count>2</count>
			</li>
		</ingredients>
		<products>
			<Tam_SmokedMeat>40</Tam_SmokedMeat>
		</products>
		<fixedIngredientFilter>
			<categories>
				<li>MeatRaw</li>
			</categories>
			<exceptedThingDefs>
				<li>Tam_SmokedMeat</li>
			</exceptedThingDefs>
		</fixedIngredientFilter>
		<defaultIngredientFilter>
			<categories>
				<li>MeatRaw</li>
			</categories>
			<exceptedThingDefs>
				<li>Human_Meat</li>
				<li>Megaspider_Meat</li>
			</exceptedThingDefs>
		</defaultIngredientFilter>
		<workSkill>Cooking</workSkill>
	</RecipeDef>

	<RecipeDef>
		<defName>Tam_SmokeMeat10StoneOven</defName>
		<label>smoke meat (10)</label>
		<description>Smoke meat to preserve it. Tasty, but hard to chew. It lasts a long time without refrigeration.</description>
		<jobString>Smoking meat.</jobString>
		<workAmount>1500</workAmount>
		<workSpeedStat>CookSpeed</workSpeedStat>
		<requiredGiverWorkType>Cooking</requiredGiverWorkType>
		<effectWorking>Cook</effectWorking>
		<soundWorking>Recipe_CookMeal</soundWorking>
		<allowMixingIngredients>true</allowMixingIngredients>
		<ingredientValueGetterClass>IngredientValueGetter_Nutrition</ingredientValueGetterClass>
		<ingredients>
			<li>
				<filter>
					<categories>
						<li>MeatRaw</li>
					</categories>
				</filter>
				<count>0.5</count>
			</li>
		</ingredients>
		<products>
			<Tam_SmokedMeat>10</Tam_SmokedMeat>
		</products>
		<fixedIngredientFilter>
			<categories>
				<li>MeatRaw</li>
			</categories>
			<exceptedThingDefs>
				<li>Tam_SmokedMeat</li>
			</exceptedThingDefs>
		</fixedIngredientFilter>
		<defaultIngredientFilter>
			<categories>
				<li>MeatRaw</li>
			</categories>
			<exceptedThingDefs>
				<li>Human_Meat</li>
				<li>Megaspider_Meat</li>
			</exceptedThingDefs>
		</defaultIngredientFilter>
		<workSkill>Cooking</workSkill>
	</RecipeDef>

	<RecipeDef Name="TE_ChipStoneBlocksBase" Abstract="True">
		<jobString>Chipping stone blocks from chunk.</jobString>
		<workAmount>3600</workAmount>
		<workSkill>Construction</workSkill>
		<workSkillLearnFactor>0.3</workSkillLearnFactor>
		<effectWorking>CutStone</effectWorking>
		<soundWorking>Recipe_MakeStoneBlocks</soundWorking>
		<targetCountAdjustment>20</targetCountAdjustment>
		<skillRequirements>
			<Construction>3</Construction>
		</skillRequirements>
		<recipeUsers>
			<li>StoneChippingSpot</li>
		</recipeUsers>
	</RecipeDef>
	
	<RecipeDef ParentName="TE_ChipStoneBlocksBase">
		<defName>ChipStoneBlocksAny</defName>
		<label>chip any stone blocks</label>
		<description>Chips rock chunks into usable stone blocks.</description>
		<workerCounterClass>RecipeWorkerCounter_MakeStoneBlocks</workerCounterClass>
		<ingredients>
			<li>
				<filter>
					<categories>
						<li>StoneChunks</li>
					</categories>
				</filter>
				<count>1</count>
			</li>
		</ingredients>
		<fixedIngredientFilter>
			<categories>
				<li>StoneChunks</li>
			</categories>
		</fixedIngredientFilter>
		<specialProducts>
			<li>Butchery</li>
		</specialProducts>
	</RecipeDef>

	<RecipeDef ParentName="TE_ChipStoneBlocksBase">
		<defName>MakeSandstoneBlocksByChipping</defName>
		<label>chip sandstone chunks into blocks</label>
		<description>Chips rock chunks into usable stone blocks.</description>
		<ingredients>
			<li>
				<filter>
					<thingDefs>
						<li>ChunkSandstone</li>
					</thingDefs>
				</filter>
				<count>1</count>
			</li>
		</ingredients>
		<products>
			<BlocksSandstone>20</BlocksSandstone>
		</products>
		<fixedIngredientFilter>
			<thingDefs>
				<li>ChunkSandstone</li>
			</thingDefs>
		</fixedIngredientFilter>
	</RecipeDef>

	<RecipeDef ParentName="TE_ChipStoneBlocksBase">
		<defName>MakeGraniteBlocksByChipping</defName>
		<label>chip granite chunks into blocks</label>
		<description>Chips rock chunks into usable stone blocks.</description>
		<ingredients>
			<li>
				<filter>
					<thingDefs>
						<li>ChunkGranite</li>
					</thingDefs>
				</filter>
				<count>1</count>
			</li>
		</ingredients>
		<products>
			<BlocksGranite>20</BlocksGranite>
		</products>
		<fixedIngredientFilter>
			<thingDefs>
				<li>ChunkGranite</li>
			</thingDefs>
		</fixedIngredientFilter>
	</RecipeDef>

	<RecipeDef ParentName="TE_ChipStoneBlocksBase">
		<defName>MakeLimestoneBlocksByChipping</defName>
		<label>chip limestone chunks into blocks</label>
		<description>Chips rock chunks into usable stone blocks.</description>
		<ingredients>
			<li>
				<filter>
					<thingDefs>
						<li>ChunkLimestone</li>
					</thingDefs>
				</filter>
				<count>1</count>
			</li>
		</ingredients>
		<products>
			<BlocksLimestone>20</BlocksLimestone>
		</products>
		<fixedIngredientFilter>
			<thingDefs>
				<li>ChunkLimestone</li>
			</thingDefs>
		</fixedIngredientFilter>
	</RecipeDef>

	<RecipeDef ParentName="TE_ChipStoneBlocksBase">
		<defName>MakeSlateBlocksByChipping</defName>
		<label>chip slate chunks into blocks</label>
		<description>Chips rock chunks into usable stone blocks.</description>
		<ingredients>
			<li>
				<filter>
					<thingDefs>
						<li>ChunkSlate</li>
					</thingDefs>
				</filter>
				<count>1</count>
			</li>
		</ingredients>
		<products>
			<BlocksSlate>20</BlocksSlate>
		</products>
		<fixedIngredientFilter>
			<thingDefs>
				<li>ChunkSlate</li>
			</thingDefs>
		</fixedIngredientFilter>
	</RecipeDef>

	<RecipeDef ParentName="TE_ChipStoneBlocksBase">
		<defName>MakeMarbleBlocksByChipping</defName>
		<label>chip marble chunks into blocks</label>
		<description>Chips rock chunks into usable stone blocks.</description>
		<ingredients>
			<li>
				<filter>
					<thingDefs>
						<li>ChunkMarble</li>
					</thingDefs>
				</filter>
				<count>1</count>
			</li>
		</ingredients>
		<products>
			<BlocksMarble>20</BlocksMarble>
		</products>
		<fixedIngredientFilter>
			<thingDefs>
				<li>ChunkMarble</li>
			</thingDefs>
		</fixedIngredientFilter>
	</RecipeDef>
	
	<RecipeDef>
		<defName>MakeTribalSpear</defName>
		<label>make spear</label>
		<description>Make spear.</description>
		<jobString>Making spear.</jobString>
		<workAmount>22000</workAmount>
		<workSpeedStat>SmithingSpeed</workSpeedStat>
		<requiredGiverWorkType>Crafting</requiredGiverWorkType>
		<workSkill>Crafting</workSkill>
		<effectWorking>Smelt</effectWorking>
		<soundWorking>Recipe_Smelt</soundWorking>
		<unfinishedThingDef>UnfinishedWeapon</unfinishedThingDef>
		<ingredients>
			<li>
				<filter>
					<thingDefs>
						<li>WoodLog</li>
					</thingDefs>
				</filter>
				<count>90</count>
			</li>
		</ingredients>
		<products>
			<MeleeWeapon_Spear>1</MeleeWeapon_Spear>
		</products>
		<recipeUsers>
			<li>CraftingSpot</li>
		</recipeUsers>
		<researchPrerequisite>TribalEssentials</researchPrerequisite>
	</RecipeDef>

	<RecipeDef>
		<defName>MakeGreatBow</defName>
		<label>make great bow</label>
		<description>Make a great bow.</description>
		<jobString>Making great bow.</jobString>
		<workAmount>24000</workAmount>
		<workSpeedStat>SmithingSpeed</workSpeedStat>
		<requiredGiverWorkType>Crafting</requiredGiverWorkType>
		<workSkill>Crafting</workSkill>
		<effectWorking>Smelt</effectWorking>
		<soundWorking>Recipe_Smelt</soundWorking>
		<unfinishedThingDef>UnfinishedWeapon</unfinishedThingDef>
		<ingredients>
			<li>
				<filter>
					<thingDefs>
						<li>WoodLog</li>
					</thingDefs>
				</filter>
				<count>50</count>
			</li>
		</ingredients>
		<products>
			<Bow_Great>1</Bow_Great>
		</products>
		<recipeUsers>
			<li>CraftingSpot</li>
		</recipeUsers>
		<researchPrerequisite>Greatbows</researchPrerequisite>
	</RecipeDef>
	
	<RecipeDef>
		<defName>MakePila</defName>
		<label>make pila</label>
		<description>Make a pila.</description>
		<jobString>Making pila.</jobString>
		<workAmount>19000</workAmount>
		<workSpeedStat>SmithingSpeed</workSpeedStat>
		<requiredGiverWorkType>Crafting</requiredGiverWorkType>
		<workSkill>Crafting</workSkill>
		<effectWorking>Smelt</effectWorking>
		<soundWorking>Recipe_Smelt</soundWorking>
		<unfinishedThingDef>UnfinishedWeapon</unfinishedThingDef>
		<ingredients>
			<li>
				<filter>
					<thingDefs>
						<li>WoodLog</li>
					</thingDefs>
				</filter>
				<count>70</count>
			</li>
		</ingredients>
		<products>
			<Pila>1</Pila>
		</products>
		<recipeUsers>
			<li>CraftingSpot</li>
		</recipeUsers>
		<researchPrerequisite>TribalWarfare</researchPrerequisite>
	</RecipeDef>
	
</Defs>
