<?xml version="1.0" encoding="utf-8" ?>
<Defs>

	<ResearchProjectDef>
		<defName>BasicTraps</defName>
		<label>basic traps</label>
		<description>The basics of trap building. Unlocks deadfall and pitfall traps.</description>
		<baseCost>300</baseCost>
		<techLevel>Neolithic</techLevel>
		<researchViewX>1</researchViewX>
		<researchViewY>3.25</researchViewY>
	</ResearchProjectDef>
	
	<ResearchProjectDef>
		<defName>TribalEssentials</defName>
		<label>tribal essentials</label>
		<description>Allows you to build tribal furniture, joy objects, production spots and buildings, security items, art, apparel, weapons, walls, floors, food, and more.</description>
		<baseCost>500</baseCost>
		<techLevel>Neolithic</techLevel>
		<tags>
			<li>TribalStart</li>
		</tags>
		<researchViewX>0</researchViewX>
		<researchViewY>2.75</researchViewY>
	</ResearchProjectDef>

	<ResearchProjectDef>
		<defName>WorkBenches</defName>
		<label>basic work benches</label>
		<description>Allows you to build basic work benches dedicated to specific tasks: breweries, butcher tables, fueled stoves, sculptor's tables, and simple research benches.</description>
		<baseCost>500</baseCost>
		<techLevel>Medieval</techLevel>
		<tags>
			<li>ClassicStart</li>
		</tags>
		<researchViewX>0</researchViewX>
		<researchViewY>5</researchViewY>
	</ResearchProjectDef>
	
	<ResearchProjectDef>
		<defName>Gaming</defName>
		<label>gaming</label>
		<description>Unlocks billiards, chess and poker tables.</description>
		<baseCost>500</baseCost>
		<techLevel>Medieval</techLevel>
		<tags>
			<li>ClassicStart</li>
		</tags>
		<researchViewX>2</researchViewX>
		<researchViewY>2.5</researchViewY>
	</ResearchProjectDef>

	<ResearchProjectDef>
		<defName>TribalWarfare</defName>
		<label>tribal warfare</label>
		<description>Allows the creation of tribal weapons and armor.</description>
		<baseCost>300</baseCost>
		<techLevel>Neolithic</techLevel>
		<researchViewX>0</researchViewX>
		<researchViewY>3.5</researchViewY>
	</ResearchProjectDef>

</Defs>
