<?xml version="1.0" encoding="utf-8" ?>
<Defs>

	<StatDef>
		<defName>TrapSpringChanceEnemy</defName>
		<label>trap spring chance enemy</label>
		<description>The likelihood that the trap will spring when an unaware creature passes over it.</description>
		<category>Building</category>
		<defaultBaseValue>1</defaultBaseValue>
		<toStringStyle>PercentZero</toStringStyle>
		<showIfUndefined>false</showIfUndefined>
	</StatDef>
  
	<StatDef>
		<defName>TrapSpringChanceColonist</defName>
		<label>trap spring chance colonist</label>
		<description>The likelihood that the trap will spring when an unaware creature passes over it.</description>
		<category>Building</category>
		<defaultBaseValue>1</defaultBaseValue>
		<toStringStyle>PercentZero</toStringStyle>
		<showIfUndefined>false</showIfUndefined>
	</StatDef>
  
</Defs>
