﻿<?xml version="1.0" encoding="utf-8" ?>
<Defs>

	<TerrainDef Name="TE_FloorBaseStone" Abstract="True">
		<layerable>true</layerable>
		<affordances>
			<li>Light</li>
			<li>Heavy</li>
			<li>SmoothHard</li>
		</affordances>
		<designationCategory>Floors</designationCategory>
		<fertility>0</fertility>
		<constructEffect>ConstructDirt</constructEffect>
		<acceptTerrainSourceFilth>True</acceptTerrainSourceFilth>
		<terrainAffordanceNeeded>Light</terrainAffordanceNeeded>
	</TerrainDef>

	<TerrainDef ParentName="TE_FloorBaseStone" Name="TE_FloorBaseStoneRough" Abstract="True">
		<description>Rough paving that can be built with very little stone, but it's plain to look at.</description>
		<texturePath>Terrain/Surfaces/StoneRough</texturePath>
		<statBases>
			<WorkToBuild>600</WorkToBuild>
		</statBases>
		<researchPrerequisites>
			<li>TribalEssentials</li>
		</researchPrerequisites>
	</TerrainDef>

	<TerrainDef ParentName="TE_FloorBaseStone" Name="TE_FloorBaseStoneRandom" Abstract="True">
		<description>Carefully-laid stone flooring with a rustic, random pattern of slabs.</description>
		<texturePath>Terrain/Surfaces/StoneRandom</texturePath>
		<statBases>
			<WorkToBuild>1100</WorkToBuild>
			<Beauty>1</Beauty>
		</statBases>
		<researchPrerequisites>
			<li>Stonecutting</li>
		</researchPrerequisites>
	</TerrainDef>

	<TerrainDef ParentName="TE_FloorBaseStoneRough">
		<defName>FloorStoneRoughSandstone</defName>
		<label>rough paving (sandstone)</label>
		<color>(126,104,94)</color>
		<renderPrecedence>267</renderPrecedence>
		<costList>
			<BlocksSandstone>2</BlocksSandstone>
		</costList>
	</TerrainDef>

	<TerrainDef ParentName="TE_FloorBaseStoneRough">
		<defName>FloorStoneRoughGranite</defName>
		<label>rough paving (granite)</label>
		<color>(105,95,97)</color>
		<renderPrecedence>267</renderPrecedence>
		<costList>
			<BlocksGranite>2</BlocksGranite>
		</costList>
	</TerrainDef>

	<TerrainDef ParentName="TE_FloorBaseStoneRough">
		<defName>FloorStoneRoughLimestone</defName>
		<label>rough paving (limestone)</label>
		<color>(158,153,135)</color>
		<renderPrecedence>267</renderPrecedence>
		<costList>
			<BlocksLimestone>2</BlocksLimestone>
		</costList>
	</TerrainDef>
  
	<TerrainDef ParentName="TE_FloorBaseStoneRough">
		<defName>FloorStoneRoughSlate</defName>
		<label>rough paving (slate)</label>
		<color>(70,70,70)</color>
		<renderPrecedence>267</renderPrecedence>
		<costList>
			<BlocksSlate>2</BlocksSlate>
		</costList>
	</TerrainDef>
  
	<TerrainDef ParentName="TE_FloorBaseStoneRough">
		<defName>FloorStoneRoughMarble</defName>
		<label>rough paving (marble)</label>
		<color>(132,135,132)</color>
		<renderPrecedence>267</renderPrecedence>
		<costList>
			<BlocksMarble>2</BlocksMarble>
		</costList>
	</TerrainDef>
 
	<TerrainDef ParentName="TE_FloorBaseStoneRandom">
		<defName>FloorStoneRandomSandstone</defName>
		<label>random paving (sandstone)</label>
		<color>(126,104,94)</color>
		<renderPrecedence>266</renderPrecedence>
		<costList>
			<BlocksSandstone>4</BlocksSandstone>
		</costList>
	</TerrainDef>
  
	<TerrainDef ParentName="TE_FloorBaseStoneRandom">
		<defName>FloorStoneRandomGranite</defName>
		<label>random paving (granite)</label>
		<color>(105,95,97)</color>
		<renderPrecedence>266</renderPrecedence>
		<costList>
			<BlocksGranite>4</BlocksGranite>
		</costList>
	</TerrainDef>
  
	<TerrainDef ParentName="TE_FloorBaseStoneRandom">
		<defName>FloorStoneRandomLimestone</defName>
		<label>random paving (limestone)</label>
		<color>(158,153,135)</color>
		<renderPrecedence>266</renderPrecedence>
		<costList>
			<BlocksLimestone>4</BlocksLimestone>
		</costList>
	</TerrainDef>
  
	<TerrainDef ParentName="TE_FloorBaseStoneRandom">
		<defName>FloorStoneRandomSlate</defName>
		<label>random paving (slate)</label>
		<color>(70,70,70)</color>
		<renderPrecedence>266</renderPrecedence>
		<costList>
			<BlocksSlate>4</BlocksSlate>
		</costList>
	</TerrainDef>
  
	<TerrainDef ParentName="TE_FloorBaseStoneRandom">
		<defName>FloorStoneRandomMarble</defName>
		<label>random paving (marble)</label>
		<color>(132,135,132)</color>
		<renderPrecedence>266</renderPrecedence>
		<costList>
			<BlocksMarble>4</BlocksMarble>
		</costList>
	</TerrainDef>

	<TerrainDef Name="TE_FloorBaseWood" Abstract="True">
		<layerable>true</layerable>
		<affordances>
			<li>Light</li>
			<li>Heavy</li>
			<li>SmoothHard</li>
		</affordances>
		<designationCategory>Floors</designationCategory>
		<fertility>0</fertility>
		<constructEffect>ConstructWood</constructEffect>
		<acceptTerrainSourceFilth>True</acceptTerrainSourceFilth>
		<terrainAffordanceNeeded>Light</terrainAffordanceNeeded>
	</TerrainDef>

	<TerrainDef ParentName="TE_FloorBaseWood">
		<defName>FloorWood6</defName>
		<label>barn board floor</label>
		<renderPrecedence>245</renderPrecedence>
		<description>Rough barn board flooring.</description>
		<texturePath>Terrain/Surfaces/WoodFloor6</texturePath>
		<burnedDef>BurnedWoodPlankFloor</burnedDef>
		<statBases>
			<WorkToBuild>95</WorkToBuild>
			<Flammability>0.22</Flammability>
		</statBases>
	    <costList>
			<WoodLog>2</WoodLog>
		</costList>
		<researchPrerequisites>
			<li>TribalEssentials</li>
		</researchPrerequisites>
	</TerrainDef>

</Defs>
