﻿<?xml version="1.0" encoding="utf-8"?><Defs>
  

  <SoundDef>
    <defName>ShotM2</defName>  
    <context>MapOnly</context>
    <eventNames />  
    <maxSimultaneous>1</maxSimultaneous>  
    <subSounds>
      <li>
        <grains>
          <li Class="AudioGrain_Folder">
            <clipFolderPath>sound/m2</clipFolderPath>
          </li>
        </grains>
        <pitchRange>
          <min>0.75</min>        
          <max>0.75</max>
        </pitchRange>   		
        <volumeRange>
          <min>75</min>        
          <max>75</max>
        </volumeRange>      
        <sustainLoop>False</sustainLoop>
      </li>
    </subSounds>
  </SoundDef>

</Defs>